ca,blue,green,red,nir,swir1,swir2,VI,NDVI,TVI,DOY,AQI
0.2063,0.206,0.2086,0.2093,0.2784,0.2407,0.1811,0.0691,0.141685462,0.801052721,223,5
0.206,0.2057,0.2081,0.2084,0.278,0.2407,0.1792,0.0696,0.143092105,0.801930237,223,5
0.1216,0.1309,0.1164,0.1065,0.295,0.3788,0.3156,0.1885,0.469489415,0.984626536,127,7
0.1349,0.1404,0.1212,0.1096,0.2929,0.3712,0.2978,0.1833,0.455403727,0.977447557,127,7
0.2786,0.2781,0.2675,0.2605,0.3789,0.3102,0.2304,0.1184,0.1851736,0.827752137,239,7
0.2781,0.2774,0.2671,0.2596,0.3784,0.3094,0.227,0.1188,0.186206897,0.82837606,239,7
0.0952,0.1018,0.0768,0.0645,0.2173,0.3522,0.3383,0.1528,0.542228531,1.020895945,300,8
0.1096,0.113,0.0825,0.0696,0.2187,0.3555,0.3352,0.1491,0.517169615,1.008548271,300,8
0.2196,0.222,0.223,0.2238,0.2994,0.2506,0.1914,0.0756,0.144495413,0.802804717,223,8
0.2193,0.2216,0.2226,0.2227,0.2992,0.2507,0.1896,0.0765,0.146579805,0.804101862,223,8
0.0345,0.0448,0.0704,0.0673,0.2597,0.1821,0.0987,0.1924,0.588379205,1.043254142,316,8
0.3275,0.3455,0.354,0.3617,0.4494,0.4111,0.3014,0.0877,0.108124769,0.77982355,143,9
0.3352,0.3527,0.3622,0.3706,0.4575,0.4178,0.3009,0.0869,0.104939017,0.777778257,143,9
0.3803,0.3834,0.3821,0.3793,0.4479,0.3334,0.233,0.0686,0.082930368,0.763498767,239,9
0.38,0.383,0.3814,0.3779,0.4473,0.3331,0.2301,0.0694,0.084100824,0.764264891,239,9
0.0635,0.0752,0.1164,0.1069,0.2501,0.1829,0.1277,0.1432,0.401120448,0.949273642,255,9
0.0785,0.0855,0.1193,0.1082,0.2513,0.1821,0.1222,0.1431,0.398052851,0.947656505,255,9
0.0306,0.0404,0.0602,0.0585,0.2225,0.1647,0.0958,0.164,0.583629893,1.040975453,300,9
0.0317,0.0407,0.0611,0.0521,0.1463,0.1066,0.0732,0.0942,0.474798387,0.987318787,95,9
0.3316,0.3288,0.3394,0.3355,0.4083,0.307,0.2156,0.0728,0.097875773,0.773224271,239,10
0.3315,0.3288,0.3392,0.3345,0.4079,0.3067,0.2129,0.0734,0.098868534,0.773865967,239,10
0.3348,0.3333,0.3289,0.3258,0.3883,0.2574,0.1677,0.0625,0.087522756,0.76650033,239,10
0.335,0.3335,0.3287,0.3251,0.3882,0.2575,0.1656,0.0631,0.088462078,0.767112819,239,10
0.1729,0.186,0.1856,0.1895,0.26,0.2288,0.1613,0.0705,0.156840934,0.810457238,143,10
0.1771,0.1876,0.1838,0.1878,0.2541,0.2201,0.1566,0.0663,0.150033944,0.806246826,143,10
0.1797,0.178,0.183,0.1769,0.3,0.1975,0.1414,0.1231,0.258125393,0.870703964,223,10
0.0371,0.0449,0.0799,0.0735,0.2862,0.207,0.1241,0.2127,0.591326105,1.044665547,255,10
0.173,0.1728,0.1704,0.172,0.211,0.1985,0.1498,0.039,0.101827676,0.775775532,316,11
0.1664,0.1678,0.1669,0.1666,0.2086,0.1971,0.1496,0.042,0.111940299,0.78226613,316,11
0.2578,0.2588,0.2626,0.257,0.3561,0.2211,0.1337,0.0991,0.16163758,0.813411077,239,11
0.0187,0.0298,0.0478,0.0371,0.2545,0.1368,0.0731,0.2174,0.745541838,1.116038457,255,11
0.0146,0.0265,0.0461,0.0363,0.2497,0.1367,0.0711,0.2134,0.746153846,1.116312611,255,11
0.7108,0.7298,0.7509,0.7734,0.8046,0.6773,0.5337,0.0312,0.019771863,0.720952053,332,12
0.7125,0.7311,0.7495,0.7689,0.8039,0.6764,0.522,0.035,0.022253306,0.722670953,332,12
0.4529,0.4603,0.4713,0.4793,0.5678,0.4721,0.3611,0.0885,0.084519148,0.76453852,239,12
0.4543,0.4622,0.4723,0.4793,0.5689,0.4728,0.3576,0.0896,0.08547987,0.765166564,239,12
0.2242,0.2316,0.2633,0.2761,0.3826,0.4146,0.3117,0.1065,0.161682101,0.813438443,95,12
0.2033,0.2195,0.2593,0.2743,0.3851,0.4145,0.3097,0.1108,0.168031544,0.817331967,95,12
0.16,0.1627,0.1041,0.0868,0.3171,0.4498,0.3933,0.2303,0.570190641,1.034500189,255,13
0.1684,0.1696,0.1078,0.0902,0.3179,0.4555,0.385,0.2277,0.557951482,1.028567685,255,13
0.3535,0.3584,0.3579,0.3602,0.4239,0.3647,0.3038,0.0637,0.081239638,0.762390738,159,13
0.3545,0.3597,0.3586,0.3607,0.4246,0.3649,0.3034,0.0639,0.081370177,0.762476345,159,13
0.0813,0.0933,0.1233,0.1275,0.2374,0.2819,0.2428,0.1099,0.301178405,0.895085697,255,13
0.0923,0.1,0.1236,0.1259,0.2346,0.2815,0.2345,0.1087,0.301525659,0.895279654,255,13
0.0541,0.0765,0.1111,0.1108,0.2446,0.2048,0.1339,0.1338,0.376477209,0.936203615,364,13
0.0549,0.0768,0.1105,0.1093,0.2438,0.2043,0.1308,0.1345,0.380911923,0.938569083,364,13
0.0516,0.0656,0.0985,0.093,0.2731,0.1976,0.1229,0.1801,0.491942092,0.995962897,95,13
0.0493,0.0596,0.0896,0.081,0.27,0.1965,0.1196,0.189,0.538461538,1.019049331,95,13
0.0674,0.0805,0.1102,0.1158,0.0782,0.0464,0.0352,-0.0376,-0.193814433,0.553340372,255,13
0.0647,0.0786,0.1084,0.1134,0.0761,0.0436,0.0326,-0.0373,-0.196833773,0.550605328,255,13
0.0861,0.0983,0.1358,0.1411,0.2384,0.2412,0.2048,0.0973,0.256389987,0.86970684,143,14
0.0534,0.0664,0.0888,0.0947,0.2369,0.2263,0.1832,0.1422,0.428829916,0.963758225,255,14
0.0745,0.0908,0.1291,0.1354,0.2395,0.2281,0.182,0.1041,0.277674046,0.881858292,143,14
0.0595,0.0712,0.0916,0.0972,0.2377,0.2284,0.1787,0.1405,0.419528217,0.958920339,255,14
0.06,0.0786,0.1092,0.1179,0.2983,0.2528,0.1634,0.1804,0.433445459,0.966149812,255,14
0.0461,0.0605,0.0969,0.0956,0.2722,0.2255,0.1322,0.1766,0.480152257,0.990026392,143,14
0.2457,0.2474,0.2693,0.2655,0.3467,0.304,0.2373,0.0812,0.132636393,0.795384431,191,15
0.2427,0.2435,0.2636,0.2605,0.3454,0.3015,0.2331,0.0849,0.140122132,0.800076329,191,15
0.0719,0.0862,0.1045,0.1122,0.2178,0.2371,0.192,0.1056,0.32,0.905538514,300,15
0.0923,0.104,0.1199,0.1295,0.2241,0.2381,0.1905,0.0946,0.267533937,0.876090142,300,15
0.0707,0.0819,0.1033,0.104,0.1672,0.1961,0.1646,0.0632,0.233038348,0.856176587,143,15
0.0485,0.0582,0.1089,0.0891,0.3944,0.2655,0.1606,0.3053,0.631437435,1.063690479,255,15
0.0681,0.0714,0.0868,0.0888,0.1919,0.1948,0.1606,0.1031,0.367296046,0.931287306,335,15
0.2106,0.213,0.2088,0.2053,0.275,0.1916,0.1551,0.0697,0.145117635,0.803192153,175,15
0.2107,0.213,0.209,0.2053,0.2751,0.1917,0.1549,0.0698,0.145295587,0.803302924,175,15
0.0547,0.0635,0.1116,0.0916,0.3941,0.266,0.1546,0.3025,0.622812436,1.059628442,255,15
0.0561,0.0727,0.1019,0.1049,0.17,0.1843,0.1543,0.0651,0.236813387,0.858378347,143,15
0.0533,0.0603,0.082,0.0832,0.1924,0.1927,0.1541,0.1092,0.396226415,0.946692355,335,15
0.1089,0.1104,0.1197,0.1135,0.1958,0.1709,0.1318,0.0823,0.266084707,0.875262651,191,15
0.0522,0.0639,0.0928,0.0849,0.182,0.1673,0.1318,0.0971,0.363806669,0.929412002,191,15
0.0503,0.0596,0.0859,0.0819,0.229,0.1665,0.0997,0.1471,0.47314249,0.986479848,191,15
0.024,0.034,0.0692,0.0559,0.2469,0.1484,0.0788,0.191,0.630779392,1.063381113,300,15
0.1233,0.1122,0.1305,0.1179,0.1737,0.1259,0.078,0.0558,0.191358025,0.831479419,143,15
0.0929,0.0989,0.1159,0.1083,0.1034,0.0773,0.0599,-0.0049,-0.023145961,0.690546189,127,15
0.0595,0.0729,0.1007,0.0922,0.091,0.0736,0.057,-0.0012,-0.006550218,0.702459808,127,15
0.6459,0.6589,0.7066,0.7209,0.7624,0.6082,0.4819,0.0415,0.027978157,0.726621054,143,16
0.65,0.6629,0.7097,0.7219,0.7659,0.6094,0.4749,0.044,0.029573867,0.727718261,143,16
0.4386,0.4606,0.4692,0.4865,0.5737,0.5171,0.3743,0.0872,0.082248632,0.763052182,143,16
0.4322,0.4521,0.464,0.4814,0.5651,0.5091,0.372,0.0837,0.079980889,0.761564763,143,16
0.5549,0.5811,0.5648,0.5761,0.6743,0.5095,0.3634,0.0982,0.078534869,0.760614797,143,16
0.5471,0.5754,0.5601,0.5692,0.6672,0.5066,0.3577,0.098,0.079262375,0.761092882,143,16
0.2083,0.2149,0.2324,0.2455,0.3325,0.3465,0.2673,0.087,0.150519031,0.8065476,143,16
0.0823,0.103,0.1481,0.1848,0.324,0.3525,0.2662,0.1392,0.273584906,0.879536756,143,16
0.1764,0.208,0.2133,0.2087,0.3112,0.3314,0.261,0.1025,0.197153299,0.834957064,175,16
0.1276,0.173,0.2021,0.1914,0.306,0.3275,0.2605,0.1146,0.23039807,0.854633296,175,16
0.1516,0.165,0.1844,0.1947,0.2854,0.2885,0.2381,0.0907,0.188918975,0.830011431,255,16
0.1129,0.1382,0.1783,0.1881,0.2847,0.2874,0.23,0.0966,0.204314721,0.839234604,255,16
0.1059,0.1254,0.1558,0.1605,0.2711,0.2601,0.2153,0.1106,0.256255792,0.869629687,255,16
0.0878,0.1135,0.1524,0.1559,0.271,0.26,0.2089,0.1151,0.269618178,0.877278848,255,16
0.0607,0.0789,0.1129,0.1086,0.2862,0.2324,0.1381,0.1776,0.449848024,0.974601469,364,16
0.0919,0.1003,0.1202,0.1133,0.2858,0.2319,0.1349,0.1725,0.432222501,0.965516701,364,16
0.0761,0.1013,0.1339,0.1426,0.2707,0.1768,0.1261,0.1281,0.30994435,0.899969083,95,16
0.0995,0.1158,0.1393,0.145,0.2718,0.1783,0.1259,0.1268,0.304222649,0.896784617,95,16
0.0328,0.0392,0.0721,0.0672,0.2312,0.1664,0.0972,0.164,0.549597855,1.024498831,335,16
0.0296,0.0376,0.0659,0.0604,0.2326,0.1668,0.0935,0.1722,0.587713311,1.04293495,335,16
0.1006,0.1043,0.1208,0.1096,0.118,0.0914,0.0721,0.0084,0.036906854,0.732739281,191,16
0.1005,0.1042,0.1206,0.1092,0.118,0.0914,0.0715,0.0088,0.038732394,0.73398392,191,16
0.0756,0.0779,0.0872,0.0822,0.072,0.0438,0.0346,-0.0102,-0.06614786,0.658674533,364,16
0.076,0.0784,0.0871,0.0818,0.0721,0.0438,0.0337,-0.0097,-0.06302794,0.661038622,364,16
0.3236,0.3224,0.3255,0.3264,0.4053,0.3385,0.2774,0.0789,0.107831078,0.779635221,159,17
0.3244,0.3232,0.3258,0.3266,0.4057,0.3386,0.2767,0.0791,0.108015841,0.779753705,159,17
0.0808,0.0861,0.1024,0.1003,0.3044,0.2624,0.1853,0.2041,0.504324191,1.002159763,143,17
0.0671,0.076,0.1034,0.1076,0.22,0.2264,0.183,0.1124,0.343101343,0.918205502,95,17
0.0735,0.0827,0.1078,0.1119,0.2217,0.2246,0.1802,0.1098,0.329136691,0.910569432,95,17
0.333,0.3304,0.3318,0.3252,0.3839,0.2249,0.1771,0.0587,0.08278099,0.763400937,207,17
0.3329,0.3304,0.3312,0.3248,0.3836,0.2244,0.1769,0.0588,0.083003953,0.763546955,207,17
0.0484,0.0659,0.0992,0.1122,0.1874,0.1989,0.1663,0.0752,0.251001335,0.866603332,255,17
0.0796,0.0881,0.1077,0.1176,0.1895,0.199,0.1601,0.0719,0.234125692,0.856811351,255,17
0.1196,0.1251,0.1383,0.1388,0.2223,0.1888,0.1513,0.0835,0.231237884,0.855124485,287,17
0.0681,0.0886,0.1221,0.1246,0.2186,0.1855,0.1454,0.094,0.273892774,0.879711756,287,17
0.0509,0.0583,0.0969,0.0782,0.4157,0.2776,0.1386,0.3375,0.683336708,1.087812809,143,17
0.0457,0.0586,0.0955,0.0798,0.3785,0.2614,0.1369,0.2987,0.651756491,1.073199185,364,17
0.0496,0.0579,0.0963,0.0783,0.4171,0.2755,0.1355,0.3388,0.683891805,1.088067923,143,17
0.0435,0.0558,0.0927,0.0762,0.3791,0.259,0.1332,0.3029,0.665275642,1.079479339,364,17
0.1707,0.1701,0.1796,0.1721,0.1811,0.1307,0.1159,0.009,0.025481314,0.724900899,2,17
0.1706,0.17,0.1794,0.1717,0.1808,0.1305,0.115,0.0091,0.025815603,0.725131438,2,17
0.0442,0.0509,0.0758,0.0631,0.2377,0.1764,0.1104,0.1746,0.580452128,1.039447992,300,17
0.0334,0.0414,0.0709,0.0582,0.24,0.1711,0.1074,0.1818,0.609657948,1.053403032,300,17
0.0804,0.0786,0.0806,0.0652,0.0856,0.0461,0.0288,0.0204,0.135278515,0.797043609,95,17
0.0825,0.0804,0.0816,0.0662,0.086,0.0461,0.0286,0.0198,0.130091984,0.793783336,95,17
0.5535,0.587,0.6156,0.6393,0.7274,0.6836,0.5588,0.0881,0.064461842,0.751306757,303,18
0.4055,0.4165,0.4334,0.4329,0.4791,0.4097,0.3415,0.0462,0.050657895,0.742063269,303,18
0.4008,0.4101,0.4295,0.4305,0.4777,0.404,0.3347,0.0472,0.051970932,0.742947462,303,18
0.0924,0.1132,0.1426,0.1501,0.2796,0.2697,0.2159,0.1295,0.301373051,0.895194421,284,18
0.0835,0.091,0.1066,0.1074,0.1982,0.2255,0.1863,0.0908,0.297120419,0.892816005,335,18
0.0635,0.0767,0.1,0.1016,0.1997,0.2214,0.1852,0.0981,0.325589114,0.908619345,335,18
0.1041,0.1121,0.1202,0.1141,0.272,0.2404,0.1793,0.1579,0.408961409,0.953394676,47,18
0.0664,0.0779,0.0955,0.0958,0.1736,0.2085,0.1687,0.0778,0.288789903,0.888138448,95,18
0.0593,0.0709,0.0916,0.0913,0.1708,0.2042,0.1663,0.0795,0.303319344,0.89628084,95,18
0.0913,0.0927,0.1569,0.1547,0.199,0.1931,0.1637,0.0443,0.125247385,0.790725859,335,18
0.1019,0.1022,0.1482,0.1498,0.1985,0.1901,0.1537,0.0487,0.139821993,0.799888738,335,18
0.0394,0.056,0.0924,0.0881,0.2863,0.2096,0.1319,0.1982,0.529380342,1.014583827,191,18
0.0557,0.0634,0.0838,0.0919,0.1239,0.1428,0.1173,0.032,0.148285449,0.805161754,335,18
0.0572,0.0623,0.0817,0.0892,0.1165,0.1336,0.1143,0.0273,0.13271755,0.795435447,335,18
0.0343,0.049,0.0825,0.0781,0.2417,0.1735,0.1093,0.1636,0.511569731,1.005768229,348,18
0.0714,0.0774,0.0937,0.0861,0.2508,0.1626,0.0986,0.1647,0.488869101,0.994418976,287,18
0.0372,0.052,0.0814,0.0741,0.2514,0.1624,0.0949,0.1773,0.544700461,1.022105895,287,18
0.1069,0.111,0.1236,0.1161,0.1238,0.0926,0.0761,0.0077,0.032096707,0.729449592,287,18
0.1069,0.111,0.1231,0.1153,0.1241,0.0929,0.0745,0.0088,0.036758563,0.732638085,287,18
0.0243,0.0289,0.036,0.0333,0.1204,0.0883,0.0645,0.0871,0.566688354,1.032806058,255,18
0.4438,0.4767,0.5173,0.5635,0.6584,0.6393,0.4987,0.0949,0.07766593,0.760043374,95,19
0.4444,0.4776,0.5183,0.5648,0.6618,0.6423,0.4955,0.097,0.079080385,0.760973314,95,19
0.4631,0.4688,0.4717,0.4794,0.5171,0.4878,0.4277,0.0377,0.037832413,0.733370584,332,19
0.4577,0.4621,0.4622,0.4668,0.5081,0.4783,0.4111,0.0413,0.042363319,0.736453202,332,19
0.1912,0.1904,0.2123,0.2099,0.3187,0.2965,0.2243,0.1088,0.205826712,0.840134937,300,19
0.1924,0.1916,0.2132,0.2097,0.3186,0.2975,0.2207,0.1089,0.206132879,0.84031713,300,19
0.0535,0.0679,0.106,0.0962,0.3166,0.2266,0.1329,0.2204,0.533914729,1.016815976,287,19
0.0395,0.056,0.0993,0.0891,0.3145,0.2255,0.1308,0.2254,0.558473736,1.028821528,287,19
0.0468,0.0589,0.0887,0.0773,0.3205,0.2195,0.1205,0.2432,0.611362494,1.054211788,255,19
0.0535,0.0639,0.0909,0.0784,0.3213,0.2205,0.1145,0.2429,0.607705779,1.052476023,255,19
0.0458,0.0584,0.0819,0.082,0.2172,0.1771,0.1115,0.1352,0.451871658,0.975639102,348,19
0.0649,0.0695,0.1064,0.0772,0.4201,0.2087,0.1103,0.3429,0.689523427,1.090652752,287,19
0.0459,0.0578,0.0795,0.0788,0.2167,0.1765,0.1103,0.1379,0.466666667,0.98319208,348,19
0.043,0.0528,0.0994,0.0699,0.4206,0.21,0.108,0.3507,0.714984709,1.102263448,287,19
0.0427,0.0559,0.0827,0.0812,0.2536,0.1797,0.1063,0.1724,0.514934289,1.007439472,319,19
0.0338,0.0402,0.0503,0.0511,0.1046,0.0937,0.0748,0.0535,0.343609505,0.918482175,2,19
0.0359,0.0418,0.0513,0.0518,0.105,0.0933,0.0746,0.0532,0.339285714,0.916125381,2,19
0.0935,0.0978,0.1099,0.1004,0.098,0.0747,0.0611,-0.0024,-0.012096774,0.698500699,319,19
0.0936,0.0978,0.1095,0.1,0.0979,0.0744,0.0603,-0.0021,-0.01061142,0.699563135,319,19
0.0535,0.0578,0.0633,0.0524,0.0867,0.0696,0.0546,0.0343,0.246585191,0.864051613,143,19
0.0501,0.0542,0.0627,0.0519,0.0867,0.0644,0.0504,0.0348,0.251082251,0.866650016,143,19
0.0414,0.0512,0.0736,0.0617,0.0558,0.0492,0.0418,-0.0059,-0.050212766,0.670661788,348,19
0.0474,0.0558,0.0761,0.064,0.0572,0.0489,0.0412,-0.0068,-0.056105611,0.666253998,348,19
0.0745,0.0804,0.0968,0.0818,0.0606,0.0409,0.033,-0.0212,-0.148876404,0.592556829,63,19
0.0586,0.0669,0.0891,0.0732,0.0536,0.039,0.0314,-0.0196,-0.154574132,0.587729417,63,19
0.0471,0.0552,0.0729,0.0743,0.0434,0.0132,0.0124,-0.0309,-0.262531861,0.487307028,335,19
0.0509,0.058,0.0745,0.0753,0.044,0.0133,0.0119,-0.0313,-0.262363789,0.487479447,335,19
0.5363,0.5441,0.5619,0.5736,0.6085,0.5325,0.434,0.0349,0.029523729,0.727683811,332,20
0.5346,0.543,0.557,0.5664,0.604,0.53,0.4218,0.0376,0.032125769,0.729469512,332,20
0.0947,0.0956,0.0832,0.072,0.1629,0.2182,0.1895,0.0909,0.38697318,0.941792536,2,20
0.0952,0.0959,0.0837,0.0725,0.1621,0.2164,0.1886,0.0896,0.381926684,0.939109516,2,20
0.0466,0.061,0.0926,0.0897,0.3035,0.2774,0.1625,0.2138,0.543743642,1.021637725,348,20
0.0511,0.0643,0.0943,0.0908,0.3037,0.2775,0.1616,0.2129,0.539670469,1.019642324,348,20
0.0719,0.0804,0.0984,0.0991,0.1885,0.1735,0.1279,0.0894,0.310848401,0.90047121,111,20
0.0652,0.0755,0.0964,0.0973,0.1891,0.1734,0.1276,0.0918,0.320530726,0.905831511,111,20
0.0931,0.1085,0.1364,0.1316,0.2437,0.1645,0.1204,0.1121,0.298694378,0.893697028,287,20
0.0652,0.088,0.1329,0.126,0.2431,0.1632,0.1164,0.1171,0.317258196,0.904023338,287,20
0.0762,0.0933,0.1079,0.1103,0.1881,0.1636,0.115,0.0778,0.260723861,0.872194852,335,20
0.0616,0.0808,0.1038,0.1074,0.1848,0.1576,0.1093,0.0774,0.264887064,0.87457822,335,20
0.0522,0.0651,0.0955,0.0926,0.1983,0.1546,0.1038,0.1057,0.363355105,0.92916904,335,20
0.0334,0.051,0.0909,0.0893,0.1927,0.1513,0.1008,0.1034,0.366666667,0.930949336,335,20
0.0371,0.0446,0.0673,0.0623,0.241,0.1626,0.0916,0.1787,0.589185625,1.043640563,303,20
0.0367,0.0431,0.0637,0.0577,0.2415,0.1612,0.0882,0.1838,0.614304813,1.055606372,303,20
0.0538,0.0651,0.0928,0.0857,0.1769,0.1244,0.0822,0.0912,0.347296268,0.920486973,364,20
0.0655,0.0735,0.0952,0.0873,0.1771,0.1237,0.0803,0.0898,0.339636914,0.916317038,364,20
0.0827,0.0836,0.0887,0.0787,0.1851,0.1208,0.0748,0.1064,0.403335861,0.950439825,319,20
0.0405,0.0491,0.0683,0.0572,0.1854,0.1207,0.0734,0.1282,0.52844188,1.014121235,319,20
0.0397,0.0479,0.0725,0.0638,0.1096,0.0891,0.051,0.0458,0.264129181,0.874144828,63,20
0.0272,0.0384,0.0687,0.0602,0.1082,0.0888,0.0497,0.048,0.285035629,0.886022364,63,20
0.0357,0.0431,0.0646,0.0556,0.0345,0.0212,0.019,-0.0211,-0.23418424,0.515573235,303,20
0.0422,0.048,0.0673,0.058,0.0354,0.0204,0.0178,-0.0226,-0.241970021,0.507966513,303,20
0.3273,0.332,0.3385,0.3457,0.4195,0.4126,0.3708,0.0738,0.096445374,0.772298759,332,21
0.3275,0.3321,0.3372,0.3432,0.4186,0.4118,0.3619,0.0754,0.098976109,0.773935468,332,21
0.5407,0.5454,0.5408,0.5598,0.5867,0.4659,0.3465,0.0269,0.023462713,0.723507231,332,21
0.5399,0.5447,0.5393,0.555,0.5836,0.4628,0.3363,0.0286,0.025118567,0.724650651,332,21
0.4625,0.4829,0.4692,0.4753,0.5209,0.3827,0.3201,0.0456,0.045773941,0.738765146,143,21
0.471,0.4887,0.4711,0.479,0.5249,0.3888,0.3179,0.0459,0.045721685,0.738729778,143,21
0.2603,0.2665,0.2888,0.2883,0.3705,0.3529,0.2867,0.0822,0.124772313,0.7904254,316,21
0.2567,0.2624,0.2861,0.2852,0.3676,0.349,0.2822,0.0824,0.12622549,0.791344104,316,21
0.1374,0.135,0.1225,0.1106,0.2511,0.3291,0.2806,0.1405,0.388443461,0.942572788,319,21
0.1285,0.128,0.1177,0.106,0.2504,0.3267,0.2762,0.1444,0.405162738,0.951400409,319,21
0.0922,0.139,0.1506,0.1482,0.2198,0.312,0.2638,0.0716,0.194565217,0.833405794,300,21
0.1,0.1455,0.1501,0.1487,0.225,0.3234,0.2601,0.0763,0.204174472,0.839151042,300,21
0.2862,0.2857,0.2927,0.2909,0.3497,0.2936,0.24,0.0588,0.091788948,0.769278199,159,21
0.2842,0.2847,0.2925,0.2893,0.348,0.2919,0.2383,0.0587,0.092107328,0.769485106,159,21
0.1081,0.1157,0.1375,0.1591,0.3462,0.3948,0.2337,0.1871,0.370275084,0.932885354,63,21
0.0944,0.1044,0.132,0.1542,0.347,0.3937,0.2272,0.1928,0.384676776,0.940572579,63,21
0.1858,0.1774,0.2131,0.2126,0.2734,0.268,0.22,0.0608,0.125102881,0.79063448,287,21
0.1446,0.1441,0.1968,0.1997,0.2723,0.2676,0.2099,0.0726,0.153813559,0.808587385,287,21
0.1346,0.1298,0.1812,0.1816,0.2193,0.2389,0.2082,0.0377,0.094038414,0.770738875,303,21
0.1291,0.1452,0.1801,0.1836,0.2575,0.2465,0.2007,0.0739,0.167535706,0.817028583,191,21
0.1337,0.1307,0.1778,0.1823,0.2213,0.2373,0.1992,0.039,0.096630327,0.772418492,303,21
0.1513,0.1607,0.1864,0.1884,0.2582,0.2439,0.1976,0.0698,0.156291984,0.8101185,191,21
0.0678,0.086,0.1159,0.1176,0.2017,0.2175,0.1803,0.0841,0.263388663,0.873721158,348,21
0.0687,0.086,0.1171,0.1185,0.2024,0.2168,0.1796,0.0839,0.261452166,0.872612265,348,21
0.1433,0.1563,0.1734,0.1735,0.2485,0.2413,0.176,0.075,0.177725118,0.82324062,300,21
0.0332,0.0447,0.0703,0.0746,0.193,0.2038,0.1694,0.1184,0.44245142,0.970799372,316,21
0.2396,0.2389,0.2425,0.2395,0.3196,0.2387,0.1684,0.0801,0.143265963,0.802038629,239,21
0.0659,0.0746,0.0996,0.0993,0.2186,0.209,0.1678,0.1193,0.375275244,0.935561459,319,21
0.051,0.0636,0.0956,0.096,0.2185,0.21,0.1675,0.1225,0.389507154,0.943136869,319,21
0.0594,0.0644,0.0793,0.0815,0.1949,0.2002,0.1674,0.1134,0.410274964,0.954083311,316,21
0.2391,0.2382,0.2414,0.2381,0.3192,0.2386,0.1664,0.0811,0.145523058,0.803444496,239,21
0.0651,0.0817,0.1091,0.1172,0.1952,0.1857,0.1588,0.078,0.249679898,0.865840573,335,21
0.0695,0.0823,0.1055,0.1147,0.1949,0.1836,0.1558,0.0802,0.259043928,0.871231271,335,21
0.0643,0.0741,0.0942,0.0882,0.3071,0.2131,0.1194,0.2189,0.553756641,1.026526493,300,21
0.0738,0.0814,0.0981,0.0911,0.3083,0.2119,0.1155,0.2172,0.543815724,1.021673002,300,21
0.0421,0.0539,0.0819,0.0868,0.2109,0.1933,0.1121,0.1241,0.416862613,0.957529432,335,21
0.0716,0.0808,0.0937,0.0956,0.1533,0.1442,0.1094,0.0577,0.231820008,0.855464791,63,21
0.043,0.0548,0.0822,0.087,0.2118,0.196,0.109,0.1248,0.417670683,0.957951295,335,21
0.0685,0.0779,0.0913,0.0926,0.1491,0.1433,0.1058,0.0565,0.233760861,0.856598424,63,21
0.0782,0.0713,0.0832,0.0692,0.1875,0.1482,0.0909,0.1183,0.46084924,0.980229177,332,21
0.0762,0.0703,0.0808,0.0671,0.188,0.1471,0.088,0.1209,0.473931791,0.986879826,332,21
0.025,0.0365,0.067,0.0563,0.2753,0.1549,0.0808,0.219,0.660434258,1.077234542,303,21
0.0482,0.0676,0.0831,0.0821,0.1284,0.1059,0.0743,0.0463,0.219952494,0.848500144,364,21
0.0494,0.0674,0.0824,0.0802,0.1277,0.1057,0.0732,0.0475,0.228475228,0.853507603,364,21
0.0738,0.0769,0.0789,0.0608,0.2378,0.1079,0.0612,0.177,0.592766242,1.045354601,300,21
0.0826,0.0837,0.0829,0.0649,0.2369,0.1085,0.0603,0.172,0.56991385,1.0343664,300,21
0.0782,0.0824,0.0875,0.0666,0.0557,0.0333,0.026,-0.0109,-0.089125102,0.64099524,47,21
0.0634,0.0696,0.0797,0.0581,0.0491,0.0318,0.0256,-0.009,-0.083955224,0.64501533,47,21
0.3665,0.3907,0.4171,0.4428,0.5472,0.5435,0.4432,0.1044,0.105454545,0.778109597,95,22
0.3682,0.3925,0.4193,0.4445,0.5491,0.5451,0.4424,0.1046,0.105273752,0.777993414,95,22
0.4571,0.4616,0.4742,0.488,0.5493,0.4949,0.39,0.0613,0.059095729,0.747727042,332,22
0.4557,0.4611,0.4707,0.4816,0.5459,0.4934,0.3804,0.0643,0.062579075,0.750052715,332,22
0.1448,0.1431,0.1043,0.0864,0.2693,0.4109,0.3726,0.1829,0.514197357,1.00707366,303,22
0.1292,0.1303,0.0968,0.0794,0.2637,0.3942,0.3539,0.1843,0.537161177,1.018411104,303,22
0.2433,0.252,0.2604,0.2753,0.3764,0.3535,0.2991,0.1011,0.15513273,0.809402699,47,22
0.2431,0.2521,0.2613,0.2761,0.3764,0.3534,0.2984,0.1003,0.153716475,0.80852735,47,22
0.135,0.1325,0.0987,0.0863,0.2424,0.33,0.2725,0.1561,0.474901126,0.987370815,335,22
0.1244,0.125,0.0931,0.082,0.239,0.3244,0.2711,0.157,0.489096573,0.994533344,335,22
0.124,0.1318,0.1864,0.1959,0.2641,0.298,0.2667,0.0682,0.14826087,0.80514649,95,22
0.2463,0.2591,0.2653,0.2683,0.3806,0.325,0.2633,0.1123,0.173062105,0.820403623,191,22
0.2473,0.2601,0.2659,0.2688,0.3814,0.3258,0.2617,0.1126,0.173177484,0.820473939,191,22
0.131,0.137,0.1842,0.1958,0.266,0.2957,0.2573,0.0702,0.152013859,0.807473751,95,22
0.7066,0.7137,0.7264,0.7369,0.7558,0.4026,0.2544,0.0189,0.01266162,0.716003924,159,22
0.707,0.7139,0.7263,0.7363,0.7557,0.4028,0.254,0.0194,0.013002681,0.716242055,159,22
0.0984,0.11,0.1375,0.1603,0.3702,0.3742,0.22,0.2099,0.395664467,0.946395513,127,22
0.0688,0.0891,0.1285,0.153,0.3702,0.3793,0.2166,0.2172,0.415137615,0.956628253,127,22
0.1052,0.1227,0.1436,0.1496,0.2945,0.2698,0.2088,0.1449,0.326277865,0.908998276,79,22
0.1239,0.1259,0.1626,0.1719,0.2841,0.2611,0.207,0.1122,0.246052632,0.863743383,255,22
0.0983,0.1409,0.1746,0.1873,0.2681,0.2695,0.2062,0.0808,0.177426438,0.823059195,364,22
0.178,0.1936,0.1958,0.2046,0.2717,0.2744,0.2041,0.0671,0.140877598,0.800548311,364,22
0.119,0.1225,0.1599,0.1678,0.2835,0.2607,0.1991,0.1157,0.256370485,0.869695628,255,22
0.1167,0.1198,0.1614,0.1662,0.2269,0.2181,0.1726,0.0607,0.154413635,0.808958364,348,22
0.0558,0.066,0.0985,0.1023,0.3667,0.3238,0.1706,0.2644,0.563752665,1.031383859,335,22
0.0705,0.0871,0.1167,0.1228,0.1827,0.1954,0.1702,0.0599,0.196072013,0.834309303,95,22
0.1223,0.1233,0.157,0.1627,0.227,0.2176,0.1688,0.0643,0.164998717,0.815474535,348,22
0.0557,0.0651,0.097,0.1003,0.3655,0.328,0.1677,0.2652,0.569343066,1.034090453,335,22
0.0718,0.0867,0.1148,0.1209,0.1805,0.1927,0.1664,0.0596,0.197743862,0.835310638,95,22
0.1567,0.1618,0.1629,0.1632,0.2244,0.2091,0.1571,0.0612,0.157894737,0.811107106,319,22
0.1594,0.1655,0.1644,0.1652,0.2282,0.211,0.1563,0.063,0.160142349,0.812491445,319,22
0.0372,0.0536,0.0825,0.0883,0.1965,0.1943,0.1504,0.1082,0.37991573,0.938038235,348,22
0.0536,0.0664,0.0881,0.0928,0.1975,0.1919,0.1489,0.1047,0.360661385,0.927718376,348,22
0.0435,0.0666,0.1094,0.102,0.2943,0.2023,0.1368,0.1923,0.485238456,0.992591787,127,22
0.0549,0.0718,0.1035,0.1023,0.1988,0.1824,0.1366,0.0965,0.320491531,0.905809876,79,22
0.0614,0.0727,0.0983,0.0928,0.1917,0.1793,0.1356,0.0989,0.347627417,0.920666833,79,22
0.0565,0.0751,0.1118,0.1027,0.2966,0.2012,0.1312,0.1939,0.4855998,0.992773791,127,22
0.0423,0.0581,0.0899,0.0809,0.3026,0.226,0.1305,0.2217,0.57809648,1.038314249,348,22
0.0615,0.0765,0.1116,0.1147,0.2212,0.1863,0.1303,0.1065,0.317058648,0.903912965,364,22
0.0494,0.0603,0.0873,0.076,0.3065,0.2247,0.1275,0.2305,0.602614379,1.050054465,348,22
0.0982,0.1022,0.1207,0.1205,0.2207,0.1857,0.1272,0.1002,0.293669402,0.89088125,364,22
0.0351,0.047,0.0769,0.0771,0.2193,0.1966,0.1242,0.1422,0.479757085,0.989826795,316,22
0.0419,0.0574,0.0875,0.0871,0.2332,0.1886,0.1211,0.1461,0.456134874,0.977821494,364,22
0.0964,0.0984,0.1023,0.1039,0.1407,0.1413,0.11,0.0368,0.150449714,0.806504627,319,22
0.0383,0.0558,0.0844,0.0899,0.1356,0.1405,0.1088,0.0457,0.202660754,0.838248623,319,22
0.0499,0.0632,0.0902,0.0892,0.1834,0.1365,0.1014,0.0942,0.345561262,0.919544051,348,22
0.0528,0.0638,0.0894,0.0877,0.1871,0.137,0.1006,0.0994,0.361717613,0.928287462,348,22
0.0869,0.0877,0.0909,0.0838,0.1137,0.0924,0.0716,0.0299,0.151392405,0.807088846,284,22
0.0833,0.0846,0.0883,0.0811,0.1137,0.0915,0.0704,0.0326,0.167351129,0.816915619,284,22
0.0843,0.0821,0.0814,0.0729,0.0941,0.0781,0.0589,0.0212,0.126946108,0.791799285,63,22
0.0693,0.069,0.0731,0.0638,0.0895,0.0783,0.0583,0.0257,0.16764514,0.817095551,63,22
0.5509,0.5671,0.6237,0.6433,0.7085,0.6532,0.5335,0.0652,0.048231987,0.740426895,284,23
0.555,0.5727,0.6282,0.6458,0.7138,0.6544,0.5304,0.068,0.05001471,0.741629766,284,23
0.4356,0.4382,0.404,0.4014,0.4251,0.3604,0.3022,0.0237,0.028675136,0.727100499,332,23
0.4376,0.4403,0.4062,0.393,0.4267,0.3585,0.2929,0.0337,0.041112602,0.735603563,332,23
0.393,0.3942,0.4003,0.3997,0.4684,0.3677,0.2815,0.0687,0.079138348,0.761011398,159,23
0.3932,0.3943,0.4005,0.3993,0.4686,0.3678,0.2808,0.0693,0.079847909,0.761477451,159,23
0.3143,0.3181,0.3237,0.3293,0.4013,0.3395,0.2479,0.072,0.098549138,0.773659575,159,23
0.3081,0.3124,0.32,0.3242,0.395,0.3335,0.2452,0.0708,0.098442714,0.773590792,159,23
0.0787,0.0956,0.1279,0.1338,0.2408,0.2758,0.2424,0.107,0.285638014,0.886362236,95,23
0.0899,0.1028,0.1303,0.1339,0.2418,0.2672,0.2366,0.1079,0.287197232,0.887241361,95,23
0.4163,0.4209,0.4231,0.4318,0.4944,0.3338,0.231,0.0626,0.067587994,0.75338436,63,23
0.0921,0.111,0.1337,0.1398,0.2494,0.2825,0.2274,0.1096,0.281603289,0.884083304,316,23
0.0786,0.0908,0.1262,0.1257,0.2231,0.2548,0.2248,0.0974,0.279243119,0.882747483,47,23
0.0819,0.102,0.1252,0.1305,0.2501,0.2776,0.2227,0.1196,0.314240673,0.902352854,316,23
0.0827,0.094,0.1269,0.125,0.2259,0.2512,0.2172,0.1009,0.287546309,0.88743806,47,23
0.1236,0.1255,0.142,0.1426,0.2505,0.2391,0.1866,0.1079,0.274484864,0.880048217,63,23
0.1117,0.1152,0.1362,0.1368,0.2497,0.2401,0.1823,0.1129,0.292108668,0.890004869,63,23
0.0648,0.0812,0.1104,0.1198,0.1951,0.1842,0.1539,0.0753,0.239123531,0.859722939,303,23
0.1421,0.1402,0.1465,0.1392,0.2864,0.2146,0.1505,0.1472,0.345864662,0.919709009,63,23
0.0681,0.0823,0.1095,0.1194,0.1939,0.1821,0.1505,0.0745,0.237791254,0.85894776,303,23
0.143,0.1419,0.1464,0.1386,0.2849,0.2159,0.149,0.1463,0.345454545,0.919486022,63,23
0.1463,0.1405,0.1732,0.1691,0.2031,0.1924,0.1478,0.034,0.091348737,0.768992027,319,23
0.0788,0.0842,0.1098,0.0933,0.3702,0.261,0.1441,0.2769,0.597411003,1.047573865,319,23
0.0664,0.087,0.1275,0.1327,0.2184,0.196,0.1429,0.0857,0.244090003,0.862606517,175,23
0.0675,0.0754,0.1047,0.0881,0.3711,0.26,0.1426,0.283,0.616289199,1.056545881,319,23
0.0717,0.0882,0.1278,0.1317,0.2179,0.194,0.1424,0.0862,0.246567506,0.86404138,175,23
0.0948,0.1013,0.1543,0.1571,0.2016,0.1917,0.1412,0.0445,0.124059102,0.789974115,319,23
0.0512,0.0657,0.0935,0.0958,0.2335,0.2108,0.1388,0.1377,0.418159733,0.958206519,95,23
0.1214,0.1247,0.1329,0.1392,0.187,0.175,0.1337,0.0478,0.146535868,0.804074541,2,23
0.1276,0.1298,0.1321,0.1389,0.186,0.1759,0.1323,0.0471,0.144967682,0.8030988,2,23
0.0513,0.0612,0.0928,0.0907,0.2387,0.1714,0.1145,0.148,0.449301761,0.974321179,348,23
0.0708,0.0746,0.0973,0.0936,0.24,0.1718,0.1144,0.1464,0.438848921,0.968942166,348,23
0.0398,0.0442,0.0829,0.051,0.4503,0.2322,0.1069,0.3993,0.796529025,1.138652284,303,23
0.0434,0.0471,0.0839,0.0525,0.446,0.227,0.1058,0.3935,0.789368104,1.135503459,303,23
0.0555,0.0627,0.0882,0.0861,0.1757,0.1438,0.0994,0.0896,0.342245989,0.917739609,47,23
0.0585,0.0649,0.089,0.0865,0.1742,0.141,0.0961,0.0877,0.336401995,0.91455016,47,23
0.0683,0.0724,0.0779,0.0727,0.1167,0.117,0.0957,0.044,0.232312566,0.855752631,287,23
0.0545,0.0609,0.0712,0.0658,0.1119,0.1132,0.0921,0.0461,0.259425999,0.871450514,287,23
0.0738,0.0765,0.0818,0.0742,0.1001,0.0913,0.0747,0.0259,0.148594378,0.805353573,2,23
0.0343,0.0429,0.0583,0.0498,0.0861,0.0915,0.0745,0.0363,0.267108168,0.875847114,2,23
0.0556,0.0557,0.0622,0.0537,0.1433,0.0948,0.0602,0.0896,0.454822335,0.977150109,335,23
0.0954,0.1021,0.0979,0.0873,0.1304,0.0778,0.0565,0.0431,0.19797887,0.835451297,364,23
0.0995,0.1047,0.0988,0.0876,0.1324,0.0773,0.054,0.0448,0.203636364,0.838830355,364,23
0.5179,0.5492,0.5954,0.628,0.6931,0.6578,0.56,0.0651,0.049277118,0.741132321,47,24
0.5124,0.5436,0.5903,0.6211,0.6855,0.6533,0.5537,0.0644,0.049288229,0.741139817,47,24
0.546,0.5628,0.5731,0.5888,0.621,0.5766,0.4727,0.0322,0.02661597,0.725683105,332,24
0.5475,0.5643,0.573,0.5867,0.6214,0.5764,0.4621,0.0347,0.028722788,0.727133267,332,24
0.0601,0.0745,0.1105,0.125,0.3057,0.3812,0.2498,0.1807,0.41954957,0.958931473,79,24
0.0782,0.0878,0.1157,0.1288,0.3056,0.3717,0.2421,0.1768,0.406998158,0.952364509,79,24
0.3938,0.3952,0.3978,0.3958,0.4648,0.2856,0.2143,0.069,0.080176621,0.761693259,207,24
0.3937,0.3952,0.398,0.396,0.4651,0.2858,0.2142,0.0691,0.080246197,0.76173893,207,24
0.071,0.0848,0.1131,0.1186,0.2064,0.2429,0.2062,0.0878,0.270153846,0.877584096,2,24
0.0708,0.0836,0.1118,0.1165,0.2064,0.2404,0.2046,0.0899,0.27841437,0.882277944,2,24
0.0857,0.0897,0.1032,0.0998,0.2958,0.2632,0.2013,0.196,0.495449949,0.997722381,63,24
0.1664,0.1673,0.1796,0.1765,0.2404,0.2161,0.189,0.0639,0.153274166,0.808253776,287,24
0.1655,0.1665,0.1779,0.1744,0.2393,0.2152,0.1836,0.0649,0.156876964,0.810479465,287,24
0.0538,0.0604,0.0828,0.0875,0.2024,0.2081,0.1583,0.1149,0.396343567,0.946754227,303,24
0.0662,0.0688,0.0862,0.0886,0.203,0.2031,0.1537,0.1144,0.392318244,0.944625981,303,24
0.0596,0.0797,0.1009,0.0949,0.2467,0.198,0.1508,0.1518,0.444379391,0.971791846,2,24
0.0647,0.0728,0.1073,0.11,0.2906,0.2522,0.15,0.1806,0.450823764,0.975101925,316,24
0.0533,0.0648,0.1034,0.1073,0.2878,0.25,0.1489,0.1805,0.456846368,0.978185242,316,24
0.134,0.141,0.1375,0.1375,0.2625,0.1963,0.1421,0.125,0.3125,0.901387819,2,24
0.0454,0.0645,0.1049,0.0958,0.3042,0.1998,0.1375,0.2084,0.521,1.010445446,191,24
0.106,0.1092,0.1235,0.1243,0.2423,0.1979,0.1342,0.118,0.321876705,0.906574158,335,24
0.1156,0.1206,0.1323,0.1342,0.2196,0.177,0.1298,0.0854,0.24137931,0.861033861,143,24
0.115,0.1204,0.132,0.1339,0.2228,0.1773,0.1284,0.0889,0.249229044,0.865580178,143,24
0.0481,0.0627,0.0939,0.082,0.3068,0.1965,0.1159,0.2248,0.5781893,1.038358946,284,24
0.0571,0.0797,0.1143,0.1169,0.2075,0.1556,0.1111,0.0906,0.279284834,0.882771111,348,24
0.0576,0.0806,0.119,0.1198,0.2113,0.1575,0.111,0.0915,0.276351555,0.881108141,348,24
0.0459,0.0563,0.0835,0.0651,0.3107,0.1924,0.1101,0.2456,0.653539117,1.074029383,284,24
0.0291,0.0435,0.0751,0.0691,0.2196,0.1578,0.1077,0.1505,0.52130239,1.010595067,319,24
0.0457,0.0567,0.0782,0.0757,0.2211,0.173,0.1075,0.1454,0.489892183,0.994933256,2,24
0.0857,0.0875,0.0941,0.09,0.2224,0.1734,0.1067,0.1324,0.423815621,0.961153277,2,24
0.0546,0.0663,0.0917,0.0901,0.1981,0.1468,0.1052,0.108,0.374739764,0.935275234,287,24
0.0466,0.0611,0.0904,0.0892,0.1965,0.1465,0.1024,0.1073,0.375568778,0.935718322,287,24
0.0499,0.0563,0.0739,0.0701,0.1033,0.1142,0.1013,0.0332,0.191464821,0.831543638,364,24
0.0473,0.0561,0.0705,0.0782,0.1332,0.1349,0.1007,0.055,0.260170293,0.871877453,316,24
0.0523,0.0775,0.1094,0.1097,0.219,0.1407,0.1006,0.1093,0.332522057,0.912426466,303,24
0.1169,0.118,0.1292,0.1211,0.1871,0.1339,0.1004,0.066,0.214146658,0.845071984,2,24
0.0541,0.06,0.0718,0.0785,0.1324,0.1361,0.1003,0.0539,0.255571361,0.869236079,316,24
0.0683,0.086,0.1146,0.1116,0.2198,0.1406,0.0999,0.1082,0.326493663,0.909116969,303,24
0.117,0.1181,0.1298,0.1211,0.1873,0.1332,0.0988,0.0662,0.214656291,0.845373462,2,24
0.0635,0.0664,0.0782,0.0731,0.1041,0.1141,0.0986,0.031,0.174943567,0.821549491,364,24
0.748,0.7878,0.8016,0.8407,0.8991,0.5756,0.4297,0.0584,0.033567077,0.730456759,63,25
0.7436,0.7814,0.7935,0.8275,0.8907,0.5683,0.4124,0.0632,0.03678268,0.732654543,63,25
0.2971,0.3051,0.3215,0.329,0.4306,0.4066,0.3377,0.1016,0.133754608,0.79608706,332,25
0.3019,0.3014,0.3093,0.3135,0.352,0.3649,0.3215,0.0385,0.05785124,0.746894397,332,25
0.3025,0.3013,0.3093,0.3117,0.3516,0.3647,0.3145,0.0399,0.060153777,0.748434217,332,25
0.4023,0.4232,0.3472,0.3711,0.4276,0.2932,0.2551,0.0565,0.070739952,0.75547333,284,25
0.3981,0.4205,0.3424,0.3621,0.4219,0.2837,0.2462,0.0598,0.07627551,0.759128125,284,25
0.187,0.1833,0.1948,0.1835,0.2806,0.2706,0.215,0.0971,0.20922215,0.842153282,47,25
0.1837,0.1799,0.1896,0.1808,0.2779,0.2674,0.2119,0.0971,0.211685197,0.843614365,47,25
0.2212,0.2264,0.2211,0.2192,0.2833,0.253,0.2049,0.0641,0.127562189,0.792188228,159,25
0.2225,0.2283,0.2217,0.22,0.2846,0.2513,0.2028,0.0646,0.128022196,0.792478514,159,25
0.1123,0.1241,0.1427,0.1418,0.2974,0.2606,0.191,0.1556,0.35428051,0.924272963,143,25
0.1063,0.119,0.1388,0.1367,0.2981,0.2609,0.188,0.1614,0.371205152,0.933383711,143,25
0.1382,0.146,0.1583,0.1576,0.2515,0.2291,0.1692,0.0939,0.229528233,0.854124249,319,25
0.1387,0.1458,0.1593,0.1592,0.2527,0.2262,0.1684,0.0935,0.226996844,0.852641099,319,25
0.062,0.0679,0.0827,0.083,0.1349,0.1766,0.1543,0.0519,0.238182653,0.859175566,303,25
0.0595,0.0741,0.1017,0.0982,0.303,0.2669,0.1526,0.2048,0.510468594,1.005220669,303,25
0.0551,0.0633,0.0812,0.0826,0.1342,0.172,0.1521,0.0516,0.23800738,0.859073559,303,25
0.0492,0.066,0.0962,0.0935,0.2977,0.261,0.1514,0.2042,0.52198364,1.010932065,303,25
0.1154,0.1204,0.1528,0.1518,0.2631,0.196,0.1432,0.1113,0.268257411,0.876502944,63,25
0.1048,0.1128,0.1525,0.1502,0.2641,0.1966,0.1416,0.1139,0.274921554,0.880296288,63,25
0.0738,0.0869,0.1222,0.1184,0.2225,0.1708,0.1204,0.1041,0.305368143,0.897423057,79,25
0.0766,0.0869,0.1197,0.1149,0.2184,0.1683,0.1189,0.1035,0.310531053,0.900294981,79,25
0.0889,0.0906,0.1063,0.091,0.2501,0.1788,0.1112,0.1591,0.466432131,0.983072801,47,25
0.0585,0.0665,0.0833,0.0855,0.1528,0.1342,0.1104,0.0673,0.282417121,0.884543454,2,25
0.06,0.0675,0.0834,0.0862,0.1509,0.1348,0.1098,0.0647,0.272880641,0.879136304,2,25
0.1012,0.1009,0.1146,0.1015,0.1325,0.1262,0.1027,0.031,0.132478632,0.795285252,47,25
0.1129,0.1113,0.1196,0.1071,0.1334,0.1217,0.0972,0.0263,0.109355509,0.780612266,47,25
0.0403,0.0565,0.0829,0.0835,0.1473,0.1232,0.0954,0.0638,0.276429809,0.881152546,364,25
0.0428,0.0547,0.0767,0.0746,0.1401,0.12,0.0904,0.0655,0.305076851,0.897260749,364,25
0.0703,0.0767,0.0615,0.057,0.0748,0.0724,0.0564,0.0178,0.135053111,0.796902196,316,25
0.0656,0.0735,0.0589,0.0541,0.0719,0.0709,0.0564,0.0178,0.141269841,0.800793258,316,25
0.0522,0.0509,0.0623,0.0542,0.0891,0.059,0.0396,0.0349,0.24354501,0.86229056,316,25
0.0483,0.0477,0.059,0.0514,0.0883,0.059,0.0391,0.0369,0.264137437,0.874149551,316,25
0.6091,0.6389,0.6851,0.7207,0.7773,0.5996,0.4657,0.0566,0.037783712,0.733337379,79,26
0.1458,0.1461,0.1267,0.1098,0.3113,0.4586,0.3943,0.2015,0.478508668,0.98919597,95,26
0.1397,0.1406,0.1241,0.1074,0.3084,0.4452,0.3792,0.201,0.483405483,0.991668031,95,26
0.3544,0.3558,0.3719,0.3715,0.403,0.4052,0.3417,0.0315,0.040671401,0.735303611,332,26
0.3554,0.3554,0.3723,0.3693,0.404,0.4058,0.3361,0.0347,0.044872624,0.738154878,332,26
0.1628,0.1943,0.2033,0.2215,0.3075,0.3738,0.2953,0.086,0.162570888,0.813984575,127,26
0.1505,0.1869,0.1997,0.2134,0.3022,0.3726,0.2853,0.0888,0.172226532,0.81989422,127,26
0.2031,0.2084,0.2235,0.2274,0.3709,0.3364,0.2322,0.1435,0.239846231,0.860143146,63,26
0.1099,0.1167,0.146,0.1634,0.2806,0.2935,0.2273,0.1172,0.263963964,0.874050321,95,26
0.096,0.1075,0.1441,0.1621,0.2806,0.2915,0.2272,0.1185,0.267675627,0.876171003,95,26
0.0944,0.1173,0.154,0.1662,0.2394,0.2512,0.2226,0.0732,0.180473373,0.8249081,95,26
0.2338,0.2347,0.2477,0.2457,0.3736,0.2917,0.2225,0.1279,0.206523494,0.840549519,159,26
0.234,0.2352,0.248,0.246,0.3724,0.2916,0.2217,0.1264,0.204398448,0.839284486,159,26
0.3864,0.3918,0.3948,0.3955,0.4402,0.3306,0.2199,0.0447,0.053488094,0.743967804,143,26
0.3891,0.3942,0.3961,0.397,0.443,0.3318,0.2184,0.046,0.054761905,0.744823405,143,26
0.1182,0.1341,0.1586,0.1699,0.2372,0.2443,0.216,0.0673,0.165315647,0.815668834,95,26
0.0664,0.0862,0.1268,0.134,0.2459,0.2421,0.1914,0.1119,0.294551198,0.891376014,127,26
0.0618,0.0831,0.1252,0.1318,0.2456,0.2416,0.1845,0.1138,0.301536831,0.895285893,127,26
0.0959,0.1022,0.1303,0.1323,0.3243,0.2745,0.1763,0.192,0.420499343,0.95942657,319,26
0.085,0.0936,0.1247,0.1268,0.3229,0.2712,0.1732,0.1961,0.43606849,0.967506326,319,26
0.0914,0.1169,0.1463,0.1503,0.2342,0.2162,0.1685,0.0839,0.218205462,0.847470036,255,26
0.1114,0.1304,0.1492,0.1516,0.2342,0.2155,0.1623,0.0826,0.21410057,0.845044715,255,26
0.0723,0.0992,0.1203,0.1285,0.2622,0.2159,0.1467,0.1337,0.342206296,0.917717983,348,26
0.1705,0.1668,0.1821,0.1725,0.235,0.1879,0.1466,0.0625,0.153374233,0.808315677,159,26
0.1682,0.1646,0.1798,0.1706,0.2322,0.1864,0.1448,0.0616,0.152929494,0.808040527,159,26
0.0617,0.0859,0.1104,0.116,0.27,0.2113,0.1402,0.154,0.398963731,0.948136979,348,26
0.1177,0.1224,0.1407,0.1414,0.2205,0.1687,0.1223,0.0791,0.218568665,0.847684296,319,26
0.1149,0.1101,0.1169,0.1127,0.2112,0.1755,0.1221,0.0985,0.304106206,0.896719692,332,26
0.1174,0.1219,0.1399,0.1396,0.2215,0.1682,0.121,0.0819,0.226806979,0.852529752,319,26
0.0413,0.0557,0.0808,0.0839,0.2109,0.1848,0.1203,0.127,0.430800543,0.964780049,2,26
0.0949,0.0947,0.1077,0.1021,0.2097,0.1755,0.12,0.1076,0.345093008,0.919289404,332,26
0.0714,0.0812,0.1017,0.1009,0.1465,0.1454,0.1183,0.0456,0.184316896,0.827234487,47,26
0.0664,0.0766,0.0989,0.0979,0.1433,0.1435,0.1175,0.0454,0.188225539,0.829593599,47,26
0.0355,0.0512,0.0872,0.0833,0.2407,0.183,0.1152,0.1574,0.485802469,0.992875858,284,26
0.0816,0.0838,0.0993,0.1019,0.1755,0.1594,0.1124,0.0736,0.265320836,0.874826175,319,26
0.0507,0.06,0.086,0.0898,0.1706,0.1585,0.1113,0.0808,0.310291859,0.900162129,319,26
0.1509,0.1432,0.1364,0.1277,0.1382,0.1015,0.0668,0.0105,0.03948853,0.734498829,31,26
0.1487,0.1418,0.1352,0.1254,0.1362,0.1014,0.0665,0.0108,0.041284404,0.73572033,31,26
0.1005,0.0998,0.0972,0.0881,0.1015,0.0678,0.0498,0.0134,0.070675105,0.755430411,63,26
0.0867,0.0881,0.0901,0.0799,0.0966,0.0665,0.048,0.0167,0.094617564,0.771114495,63,26
0.009,0.0135,0.0253,0.0187,0.0827,0.0549,0.0311,0.064,0.631163708,1.063561803,332,26
0.0261,0.0382,0.0575,0.0459,0.0955,0.0486,0.0299,0.0496,0.350777935,0.922376244,79,26
0.058,0.0617,0.067,0.0538,0.0984,0.048,0.0295,0.0446,0.29303548,0.890525395,79,26
0.1096,0.1263,0.1478,0.1504,0.2453,0.2112,0.1593,0.0949,0.239828153,0.860132637,303,27
0.0933,0.1155,0.1424,0.1455,0.244,0.2043,0.1573,0.0985,0.252888318,0.867691373,303,27
0.0781,0.0908,0.1287,0.1305,0.3073,0.2252,0.1502,0.1768,0.403837369,0.950703618,127,27
0.0679,0.081,0.1018,0.1044,0.1802,0.1699,0.1288,0.0758,0.266338721,0.875407746,255,27
0.0569,0.0733,0.097,0.0999,0.1827,0.1738,0.1247,0.0828,0.292993631,0.890501898,255,27
0.0904,0.0893,0.0913,0.0871,0.1165,0.1193,0.1128,0.0294,0.144400786,0.802745779,2,27
0.0808,0.0821,0.0869,0.0825,0.1142,0.1181,0.1117,0.0317,0.161159126,0.81311692,2,27
0.098,0.0964,0.1001,0.097,0.1498,0.1145,0.0826,0.0528,0.213938412,0.844948763,143,27
0.082,0.0845,0.092,0.0881,0.143,0.1129,0.0818,0.0549,0.237559498,0.858812842,143,27
0.6328,0.6774,0.6946,0.7437,0.8184,0.6525,0.5543,0.0747,0.047820242,0.740148797,47,28
0.6312,0.6753,0.6866,0.7378,0.8137,0.6405,0.5453,0.0759,0.0489204,0.740891625,47,28
0.4314,0.4579,0.4709,0.4989,0.5974,0.4893,0.3988,0.0985,0.089847669,0.76801541,47,28
0.2757,0.2697,0.2914,0.2897,0.3193,0.2791,0.2328,0.0296,0.048604269,0.74067825,47,28
0.2709,0.2646,0.2829,0.2829,0.3096,0.2661,0.2165,0.0267,0.045063291,0.738284018,47,28
0.086,0.0937,0.1041,0.1038,0.2857,0.2657,0.1998,0.1819,0.467008986,0.98336615,111,28
0.0802,0.0927,0.1144,0.1211,0.2208,0.2377,0.1992,0.0997,0.291605733,0.889722278,79,28
0.0704,0.0842,0.1096,0.1163,0.2224,0.2357,0.1992,0.1061,0.313256569,0.90180739,79,28
0.2053,0.1982,0.2187,0.2079,0.2633,0.2463,0.1736,0.0554,0.117572156,0.785857593,63,28
0.2032,0.1981,0.2136,0.2026,0.2657,0.2373,0.1728,0.0631,0.134742686,0.796707403,63,28
0.1304,0.1313,0.1549,0.1515,0.1828,0.1876,0.1617,0.0313,0.093628477,0.770472892,47,28
0.1414,0.1415,0.1581,0.1567,0.1888,0.1925,0.1586,0.0321,0.092908828,0.770005732,47,28
0.0756,0.0955,0.1101,0.1314,0.2809,0.2387,0.153,0.1495,0.362600049,0.928762644,300,28
0.0927,0.1064,0.1123,0.1301,0.2826,0.239,0.1497,0.1525,0.36951781,0.932479388,300,28
0.0829,0.1011,0.1146,0.1212,0.1865,0.1574,0.1196,0.0653,0.212219695,0.843931096,348,28
0.0706,0.0928,0.1105,0.1181,0.185,0.155,0.1176,0.0669,0.220719235,0.848951845,348,28
0.0339,0.045,0.0768,0.0723,0.2367,0.1642,0.1086,0.1644,0.532038835,1.015893122,348,28
0.0387,0.0498,0.074,0.0654,0.2119,0.1462,0.096,0.1465,0.528308691,1.014055566,300,28
0.0377,0.0482,0.0723,0.0629,0.2144,0.1465,0.0947,0.1515,0.546339704,1.022907476,300,28
0.6434,0.6686,0.6945,0.714,0.7718,0.6317,0.5164,0.0578,0.038901602,0.734099177,284,29
0.1939,0.2403,0.2724,0.2952,0.4018,0.3733,0.2844,0.1066,0.152941176,0.808047756,95,29
0.2558,0.2732,0.2755,0.299,0.396,0.3698,0.282,0.097,0.139568345,0.79973017,95,29
0.0771,0.0936,0.1143,0.1241,0.2035,0.2027,0.171,0.0794,0.242368742,0.86160823,127,29
0.0664,0.0857,0.1258,0.1307,0.1948,0.192,0.1688,0.0641,0.196927803,0.834822019,127,29
0.0733,0.0915,0.1141,0.1249,0.2043,0.199,0.1608,0.0794,0.241190765,0.860924367,127,29
0.0699,0.0883,0.1254,0.1305,0.1945,0.191,0.1596,0.064,0.196923077,0.834819188,127,29
0.1105,0.1204,0.1455,0.1457,0.231,0.1951,0.1475,0.0853,0.226440138,0.852314577,47,29
0.1214,0.1287,0.1494,0.1485,0.2323,0.1964,0.1469,0.0838,0.220063025,0.848565275,47,29
0.0513,0.0679,0.096,0.095,0.2812,0.2098,0.1374,0.1862,0.494949495,0.997471551,95,29
0.0346,0.0447,0.0678,0.0745,0.132,0.1336,0.0934,0.0575,0.278450363,0.882298341,335,29
0.0337,0.0444,0.0686,0.0751,0.1344,0.1341,0.0923,0.0593,0.283054893,0.884903889,335,29
0.6006,0.6193,0.6305,0.6445,0.7172,0.5174,0.3685,0.0727,0.053389146,0.743901301,239,30
0.6012,0.62,0.6302,0.6428,0.717,0.5175,0.3644,0.0742,0.054566848,0.744692452,239,30
0.1899,0.1989,0.2229,0.2238,0.3473,0.3241,0.2264,0.1235,0.216249343,0.846315156,316,30
0.1945,0.2017,0.2283,0.227,0.3483,0.3243,0.2259,0.1213,0.210846515,0.843117142,316,30
0.0646,0.0833,0.1126,0.1225,0.2183,0.1987,0.162,0.0958,0.281103286,0.883800479,319,30
0.0669,0.0859,0.1127,0.1222,0.2182,0.2014,0.1604,0.096,0.282021152,0.884319598,319,30
0.0577,0.0886,0.1242,0.1284,0.276,0.2166,0.1467,0.1476,0.364985163,0.930045786,111,30
0.0676,0.0921,0.1217,0.1227,0.2791,0.217,0.1447,0.1564,0.389248382,0.942999672,111,30
0.0413,0.0504,0.083,0.0743,0.2533,0.1929,0.1279,0.179,0.546398046,1.022935993,332,30
0.0511,0.0582,0.0861,0.0769,0.2551,0.1925,0.1247,0.1782,0.536746988,1.018207733,332,30
0.0485,0.0533,0.059,0.0576,0.1117,0.093,0.0636,0.0541,0.319551093,0.905290612,300,30
0.0591,0.061,0.0631,0.0602,0.1122,0.0929,0.0621,0.052,0.30162413,0.895334647,300,30
0.1119,0.1124,0.1196,0.112,0.1007,0.0675,0.0565,-0.0113,-0.053126469,0.668485999,284,30
0.1115,0.1121,0.1192,0.111,0.0991,0.0658,0.054,-0.0119,-0.056639695,0.665853065,284,30
0.4164,0.4338,0.4554,0.4808,0.5507,0.4746,0.3933,0.0699,0.06776539,0.753502084,79,31
0.4156,0.4331,0.4544,0.4799,0.5496,0.4737,0.3925,0.0697,0.067702768,0.753460529,79,31
0.1216,0.1286,0.1024,0.0893,0.2639,0.4022,0.3528,0.1746,0.494337486,0.997164724,79,31
0.1276,0.1334,0.1075,0.0943,0.2624,0.3957,0.3495,0.1681,0.471264368,0.985527457,79,31
0.1224,0.1477,0.1718,0.1883,0.2684,0.3298,0.259,0.0801,0.175388658,0.821820332,79,31
0.1189,0.1439,0.173,0.1919,0.2712,0.3298,0.2586,0.0793,0.171237314,0.819290738,79,31
0.1001,0.1051,0.1315,0.1504,0.356,0.4068,0.2503,0.2056,0.40600316,0.951841982,111,31
0.0782,0.0886,0.1229,0.1444,0.3563,0.4065,0.2497,0.2119,0.423207509,0.96083688,111,31
0.1833,0.1856,0.1996,0.1892,0.357,0.2603,0.187,0.1678,0.307213475,0.898450597,159,31
0.1822,0.1842,0.1988,0.1883,0.3589,0.2607,0.1869,0.1706,0.311769006,0.900982245,159,31
0.1131,0.1158,0.1311,0.1354,0.2233,0.2042,0.1609,0.0879,0.245051575,0.863163701,319,31
0.1131,0.116,0.1309,0.1358,0.2231,0.2048,0.1599,0.0873,0.243243243,0.862115563,319,31
0.1035,0.1138,0.1691,0.1673,0.2871,0.2035,0.1498,0.1198,0.263644366,0.873867476,127,31
0.0858,0.101,0.1677,0.1668,0.2882,0.2044,0.1448,0.1214,0.266813187,0.875678701,127,31
0.0913,0.0991,0.1234,0.1238,0.2188,0.1694,0.1289,0.095,0.277291302,0.881641255,127,31
0.0841,0.0957,0.1233,0.1247,0.2173,0.1703,0.1248,0.0926,0.270760234,0.877929515,127,31
0.0525,0.0564,0.0896,0.0636,0.3746,0.2422,0.1243,0.311,0.709721588,1.099873442,271,31
0.064,0.0651,0.0927,0.0668,0.3679,0.2388,0.1236,0.3011,0.692661606,1.092090475,271,31
0.0442,0.0542,0.0747,0.0769,0.1662,0.1468,0.1109,0.0893,0.367338544,0.931310122,303,31
0.0453,0.0551,0.0747,0.0765,0.161,0.1448,0.1092,0.0845,0.355789474,0.9250889,303,31
0.06,0.0692,0.0851,0.0823,0.0777,0.0514,0.04,-0.0046,-0.02875,0.686476511,271,31
0.0678,0.0754,0.0885,0.0855,0.0791,0.051,0.0387,-0.0064,-0.038882139,0.679056597,271,31
0.0785,0.0907,0.1134,0.117,0.196,0.2333,0.2141,0.079,0.252396166,0.867407728,79,32
0.0725,0.0869,0.1124,0.1162,0.198,0.233,0.2111,0.0818,0.26034373,0.871976909,79,32
0.1245,0.1284,0.1324,0.1355,0.232,0.244,0.1965,0.0965,0.262585034,0.873261149,2,32
0.1244,0.1284,0.1321,0.1351,0.232,0.2426,0.1949,0.0969,0.263960774,0.874048496,2,32
0.0831,0.0932,0.123,0.1307,0.3201,0.2916,0.1904,0.1894,0.42014197,0.959240309,127,32
0.0656,0.0804,0.1168,0.1252,0.3185,0.2847,0.1803,0.1933,0.435654722,0.96729247,127,32
0.0565,0.0598,0.0828,0.0703,0.2073,0.1618,0.1071,0.137,0.49351585,0.996752652,111,32
0.1067,0.1096,0.1078,0.0947,0.1608,0.1437,0.1055,0.0661,0.258708415,0.871038699,63,32
0.1175,0.1182,0.1132,0.101,0.1608,0.1394,0.1047,0.0598,0.22841864,0.853474452,63,32
0.0526,0.0578,0.0788,0.0679,0.2263,0.1583,0.0957,0.1584,0.538409245,1.019023673,271,32
0.0746,0.0742,0.0868,0.0745,0.1986,0.1493,0.0953,0.1241,0.454412303,0.976940276,111,32
0.0622,0.072,0.0775,0.0751,0.1166,0.1225,0.0949,0.0415,0.21648409,0.846453832,335,32
0.0424,0.0561,0.0658,0.0667,0.1246,0.1301,0.092,0.0579,0.30266597,0.895916274,335,32
0.6013,0.6127,0.6395,0.6502,0.6667,0.5776,0.4808,0.0165,0.012529425,0.715911604,332,33
0.6021,0.613,0.6383,0.646,0.6657,0.5769,0.4697,0.0197,0.015018678,0.717648018,332,33
0.1285,0.1307,0.1168,0.1057,0.2821,0.4,0.3522,0.1764,0.454873646,0.977176364,111,33
0.1297,0.1313,0.1169,0.1059,0.2789,0.3912,0.3431,0.173,0.4495842,0.97446611,111,33
0.2793,0.2865,0.2869,0.2947,0.3483,0.3291,0.2534,0.0536,0.083359253,0.763779584,63,33
0.2811,0.2879,0.2889,0.2954,0.3501,0.3328,0.2487,0.0547,0.084740511,0.764683275,63,33
0.2027,0.2175,0.2092,0.2146,0.2809,0.2512,0.1959,0.0663,0.133804238,0.796118231,47,33
0.0353,0.0739,0.0918,0.1254,0.2564,0.2463,0.1916,0.131,0.343111577,0.918211074,47,33
0.066,0.0829,0.1153,0.1228,0.1766,0.1925,0.1655,0.0538,0.179692719,0.824434787,79,33
0.0712,0.0867,0.115,0.1233,0.1745,0.1923,0.1625,0.0512,0.171927468,0.81971182,79,33
0.084,0.0867,0.108,0.1196,0.2054,0.2081,0.1614,0.0858,0.264,0.874070935,335,33
0.0906,0.1091,0.1322,0.1428,0.2057,0.1983,0.1584,0.0629,0.180487805,0.824916847,300,33
0.0862,0.0882,0.1089,0.116,0.2051,0.2052,0.1545,0.0891,0.27748365,0.881750333,335,33
0.105,0.1176,0.1338,0.1415,0.2024,0.1934,0.153,0.0609,0.177086362,0.822852576,300,33
0.107,0.1089,0.117,0.1101,0.2315,0.1732,0.1241,0.1214,0.355386417,0.924871027,319,33
0.0414,0.0565,0.0802,0.0872,0.1514,0.1691,0.1239,0.0642,0.269069573,0.876966118,300,33
0.0886,0.0954,0.1085,0.1018,0.2312,0.1732,0.123,0.1294,0.388588589,0.94264977,319,33
0.0425,0.0579,0.0803,0.088,0.1523,0.166,0.1212,0.0643,0.267582189,0.87611768,300,33
0.0403,0.0523,0.0977,0.0674,0.4784,0.2398,0.1145,0.411,0.753023085,1.119385137,284,33
0.0421,0.0527,0.0966,0.0651,0.4771,0.238,0.1117,0.412,0.759867208,1.122438064,284,33
0.0419,0.0538,0.0815,0.0892,0.1766,0.1579,0.11,0.0874,0.328818661,0.910394783,351,33
0.0514,0.06,0.083,0.0897,0.1753,0.1566,0.1082,0.0856,0.323018868,0.907203873,351,33
0.305,0.3278,0.3462,0.3727,0.4682,0.4829,0.3929,0.0955,0.113568795,0.783306323,79,34
0.3037,0.3273,0.34,0.3672,0.4658,0.4763,0.3838,0.0986,0.118367347,0.786363368,79,34
0.0577,0.0903,0.1208,0.1349,0.2934,0.2341,0.1672,0.1585,0.37006771,0.932774201,335,34
0.0697,0.098,0.1204,0.1359,0.292,0.2301,0.1645,0.1561,0.364804861,0.929948849,335,34
0.0689,0.0757,0.094,0.0933,0.1395,0.1619,0.1406,0.0462,0.198453608,0.83573537,79,34
0.0431,0.0583,0.0891,0.0901,0.1402,0.1604,0.1402,0.0501,0.217542336,0.847078707,79,34
0.0582,0.0751,0.1043,0.1092,0.1883,0.1685,0.133,0.0791,0.265882353,0.875147046,348,34
0.0599,0.076,0.1036,0.1091,0.187,0.1675,0.1315,0.0779,0.263086795,0.873548393,348,34
0.0482,0.0642,0.0811,0.0808,0.143,0.135,0.1016,0.0622,0.27792672,0.882001542,348,34
0.0415,0.06,0.0799,0.0807,0.1463,0.138,0.1015,0.0656,0.288986784,0.88824928,348,34
0.3856,0.4075,0.4262,0.4486,0.5597,0.5293,0.4379,0.1111,0.110185461,0.781143688,63,35
0.3815,0.4028,0.4181,0.4387,0.5533,0.5206,0.4196,0.1146,0.115524194,0.784553499,63,35
0.6468,0.6601,0.6724,0.6899,0.7168,0.5464,0.3949,0.0269,0.01912277,0.720501749,332,35
0.6497,0.6629,0.6718,0.6871,0.7176,0.5462,0.3867,0.0305,0.021712821,0.722296907,332,35
0.1185,0.1521,0.1595,0.17,0.2538,0.3162,0.2487,0.0838,0.197734781,0.835305202,284,35
0.1156,0.1504,0.1607,0.1736,0.2609,0.3207,0.2458,0.0873,0.200920598,0.837210009,284,35
0.074,0.0838,0.0998,0.084,0.2157,0.2922,0.2411,0.1317,0.439439439,0.969246841,47,35
0.1176,0.119,0.1152,0.0997,0.2156,0.28,0.2256,0.1159,0.367586426,0.931443195,47,35
0.077,0.0843,0.1078,0.1151,0.2197,0.2175,0.1623,0.1046,0.312425329,0.901346398,348,35
0.076,0.0843,0.1078,0.1155,0.2193,0.2169,0.1611,0.1038,0.310035842,0.900019912,348,35
0.0803,0.0891,0.1145,0.1143,0.2454,0.1788,0.1375,0.1311,0.364470392,0.929768999,255,35
0.059,0.0735,0.1075,0.1062,0.248,0.179,0.1328,0.1418,0.400338792,0.94886184,255,35
0.0636,0.0832,0.1044,0.1128,0.1975,0.1739,0.1317,0.0847,0.27296165,0.879182376,284,35
0.0797,0.0933,0.1066,0.1124,0.1945,0.1721,0.1289,0.0821,0.267513848,0.876078677,284,35
0.0682,0.0759,0.1014,0.0998,0.1809,0.1744,0.1252,0.0811,0.288920556,0.888211999,271,35
0.0898,0.093,0.1092,0.1068,0.1828,0.1728,0.1236,0.076,0.262430939,0.873172915,271,35
0.4012,0.4082,0.3993,0.4063,0.4905,0.3976,0.3406,0.0842,0.093889384,0.77064219,335,36
0.3949,0.4024,0.3916,0.3961,0.482,0.3893,0.3259,0.0859,0.097824849,0.773191341,335,36
0.1053,0.1235,0.1506,0.164,0.2923,0.2875,0.2223,0.1283,0.281174666,0.88384086,127,36
0.1112,0.1281,0.1534,0.1666,0.2923,0.2886,0.2164,0.1257,0.273915886,0.879724892,127,36
0.0559,0.0652,0.0826,0.0863,0.2158,0.22,0.1824,0.1295,0.428666005,0.963673184,271,36
0.076,0.082,0.0937,0.0973,0.2207,0.2187,0.1803,0.1234,0.388050314,0.942364215,271,36
0.1231,0.1272,0.1429,0.1401,0.2994,0.2136,0.1586,0.1593,0.362457338,0.928685812,127,36
0.0568,0.0802,0.1231,0.1213,0.2989,0.2125,0.1515,0.1776,0.422655878,0.960549779,127,36
0.0457,0.0653,0.1078,0.1055,0.226,0.1707,0.1189,0.1205,0.363499246,0.929246601,271,36
0.0728,0.0846,0.1133,0.111,0.2289,0.1691,0.1161,0.1179,0.346866726,0.92025362,271,36
0.0257,0.0378,0.0475,0.0416,0.1449,0.1102,0.0752,0.1033,0.553887399,1.026590181,255,36
0.0121,0.0277,0.0423,0.0366,0.1429,0.1103,0.0728,0.1063,0.592200557,1.045083995,255,36
0.7002,0.7241,0.7507,0.7765,0.81,0.6979,0.5648,0.0335,0.021115663,0.721883414,332,37
0.7023,0.7256,0.75,0.7727,0.8101,0.6978,0.553,0.0374,0.023629012,0.723622147,332,37
0.1562,0.1619,0.1728,0.1775,0.2745,0.2866,0.2265,0.097,0.21460177,0.845341215,111,37
0.155,0.1592,0.1726,0.1766,0.2752,0.2863,0.224,0.0986,0.218238158,0.847489326,111,37
0.0523,0.0712,0.107,0.0996,0.1594,0.1532,0.1202,0.0598,0.230888031,0.854919897,47,37
0.0604,0.0684,0.092,0.0733,0.1452,0.1526,0.1186,0.0719,0.329061785,0.9105283,47,37
0.0354,0.0462,0.0763,0.0681,0.2138,0.1478,0.0937,0.1457,0.516849947,1.008389779,2,37
0.0556,0.0636,0.0868,0.0819,0.1604,0.1158,0.0881,0.0785,0.323978539,0.907732636,287,37
0.0463,0.0595,0.0886,0.0859,0.1622,0.1182,0.0875,0.0763,0.307537283,0.898630783,287,37
0.0835,0.0835,0.0795,0.0706,0.0985,0.0664,0.0464,0.0279,0.16499113,0.815469883,143,37
0.0803,0.0809,0.0783,0.0692,0.0934,0.0643,0.0459,0.0242,0.148831488,0.805500769,143,37
0.0535,0.0542,0.0551,0.0468,0.0596,0.0425,0.0321,0.0128,0.120300752,0.787591742,316,37
0.0503,0.0518,0.0537,0.0453,0.0584,0.0421,0.0319,0.0131,0.12632594,0.791407569,316,37
0.6864,0.7059,0.7353,0.7651,0.8106,0.6947,0.5541,0.0455,0.028876055,0.727238651,332,38
0.6882,0.7074,0.7353,0.7613,0.8073,0.6919,0.5433,0.046,0.029325513,0.727547602,332,38
0.1301,0.1324,0.1725,0.1774,0.2368,0.2739,0.2476,0.0594,0.143408981,0.802127784,111,38
0.1265,0.1295,0.1624,0.1683,0.2265,0.2584,0.2202,0.0582,0.147416413,0.804621907,111,38
0.0834,0.0858,0.1159,0.1257,0.2129,0.2072,0.1604,0.0872,0.25753101,0.870362574,303,38
0.0809,0.0839,0.1145,0.1248,0.2126,0.207,0.1589,0.0878,0.260225252,0.87190897,303,38
0.0718,0.0804,0.0984,0.0907,0.2795,0.222,0.1582,0.1888,0.509994598,1.004984874,2,38
0.0547,0.0678,0.0853,0.0906,0.1569,0.1674,0.1266,0.0663,0.267878788,0.876286932,316,38
0.0619,0.0745,0.0888,0.0939,0.1551,0.167,0.1263,0.0612,0.245783133,0.863587362,316,38
0.036,0.046,0.0701,0.059,0.2477,0.1661,0.1058,0.1887,0.615259211,1.056058337,303,38
0.0588,0.0716,0.0949,0.0954,0.1851,0.1465,0.1057,0.0897,0.319786096,0.905420398,50,38
0.0673,0.0763,0.0942,0.0932,0.1814,0.1451,0.1049,0.0882,0.321194465,0.906197807,50,38
0.0235,0.036,0.065,0.0538,0.2473,0.1641,0.1035,0.1935,0.64264364,1.068945106,303,38
0.1948,0.2035,0.2384,0.252,0.3155,0.3364,0.2517,0.0635,0.111894273,0.782236712,111,39
0.1937,0.2031,0.236,0.2502,0.3145,0.3321,0.2493,0.0643,0.113865769,0.783495864,111,39
0.0425,0.0567,0.0775,0.0834,0.1324,0.1599,0.1217,0.049,0.227062095,0.852679362,348,39
0.0368,0.0521,0.0759,0.0821,0.1304,0.1522,0.1181,0.0483,0.227294118,0.852815407,348,39
0.0584,0.0676,0.0919,0.0872,0.1951,0.1561,0.1139,0.1079,0.382217499,0.939264339,284,39
0.0472,0.0584,0.0863,0.0815,0.1926,0.1539,0.1136,0.1111,0.405326523,0.951486481,284,39
0.0841,0.0902,0.1056,0.0895,0.0689,0.0401,0.0295,-0.0206,-0.130050505,0.608234737,79,39
0.0753,0.0829,0.1015,0.0847,0.0643,0.0384,0.0287,-0.0204,-0.136912752,0.602567215,79,39
0.4912,0.5093,0.5473,0.5634,0.6132,0.5847,0.447,0.0498,0.042325344,0.73642742,111,40
0.4867,0.5043,0.5413,0.5568,0.6054,0.5665,0.4384,0.0486,0.041817243,0.736082362,111,40
0.1404,0.142,0.1277,0.1112,0.2981,0.367,0.3135,0.1869,0.456633276,0.978076314,191,40
0.1597,0.1568,0.1392,0.1231,0.2983,0.3596,0.3036,0.1752,0.415757,0.956951932,191,40
0.0775,0.0989,0.1306,0.1366,0.1991,0.1997,0.1749,0.0625,0.186178135,0.8283587,79,40
0.0795,0.0985,0.1265,0.1308,0.1928,0.1981,0.172,0.062,0.191594561,0.831621645,79,40
0.0679,0.0782,0.0994,0.102,0.1614,0.2058,0.1549,0.0594,0.225512528,0.851770232,111,40
0.0539,0.069,0.0972,0.1,0.1631,0.1985,0.1523,0.0631,0.239832763,0.860135317,111,40
0.7078,0.7387,0.7608,0.7909,0.838,0.7138,0.5517,0.0471,0.028915219,0.727265577,303,41
0.128,0.1341,0.1074,0.0944,0.2596,0.3923,0.356,0.1652,0.466666667,0.98319208,271,41
0.118,0.1262,0.103,0.0899,0.2576,0.3859,0.3501,0.1677,0.482589928,0.991256742,271,41
0.2789,0.2847,0.3082,0.3164,0.4025,0.3964,0.308,0.0861,0.11976631,0.78725238,284,41
0.2803,0.2861,0.3098,0.316,0.4015,0.3955,0.3058,0.0855,0.119163763,0.786869597,284,41
0.091,0.0985,0.1216,0.1261,0.2172,0.2466,0.1911,0.0911,0.265365569,0.874851741,47,41
0.0743,0.0875,0.1195,0.1246,0.2173,0.2428,0.1874,0.0927,0.27113191,0.878141167,47,41
0.0634,0.0763,0.0955,0.0897,0.2263,0.2061,0.1571,0.1366,0.432278481,0.965545691,316,41
0.0785,0.0865,0.0992,0.0924,0.2263,0.2055,0.1559,0.1339,0.420144336,0.959241542,316,41
0.1469,0.1499,0.1568,0.1568,0.2107,0.1867,0.1532,0.0539,0.146666667,0.804155872,284,41
0.0597,0.0652,0.0836,0.0869,0.1823,0.1892,0.1525,0.0954,0.354383358,0.924328599,351,41
0.0555,0.0626,0.0823,0.0859,0.1821,0.1863,0.1502,0.0962,0.358955224,0.926798373,351,41
0.1288,0.136,0.1462,0.146,0.2056,0.1828,0.1483,0.0596,0.169510808,0.818236401,284,41
0.0643,0.0807,0.1179,0.1186,0.2008,0.1847,0.1432,0.0822,0.257357545,0.870262917,127,41
0.0902,0.0888,0.1186,0.0992,0.2755,0.1885,0.1418,0.1763,0.470509741,0.985144528,63,41
0.1028,0.0995,0.124,0.1047,0.2792,0.1858,0.1409,0.1745,0.454545455,0.977008421,63,41
0.0716,0.0853,0.1198,0.1201,0.1985,0.1771,0.1343,0.0784,0.246076585,0.863757249,127,41
0.1178,0.1447,0.1493,0.1641,0.2432,0.3103,0.2394,0.0791,0.194205745,0.833190101,271,42
0.12,0.146,0.1536,0.1693,0.2473,0.3112,0.2392,0.078,0.187229957,0.828993339,271,42
0.0497,0.0583,0.0848,0.0817,0.2035,0.1682,0.1295,0.1218,0.427068724,0.962844081,2,42
0.0408,0.053,0.0851,0.0829,0.2056,0.1681,0.1293,0.1227,0.425303293,0.961926865,2,42
0.0191,0.0362,0.067,0.0549,0.2615,0.1784,0.1085,0.2066,0.652970923,1.073764836,271,42
0.0527,0.0629,0.0803,0.0677,0.2669,0.1778,0.107,0.1992,0.595337717,1.046583832,271,42
0.0444,0.0519,0.0805,0.0787,0.2432,0.1714,0.1043,0.1645,0.51102827,1.005499015,271,42
0.0187,0.0405,0.0674,0.0564,0.1304,0.0614,0.042,0.074,0.39614561,0.946649677,111,42
0.0733,0.0794,0.0806,0.0673,0.1305,0.06,0.0406,0.0632,0.319514661,0.905270491,111,42
0.0963,0.1053,0.1245,0.1286,0.2493,0.2586,0.2029,0.1207,0.319396666,0.905205317,63,43
0.0816,0.0934,0.1168,0.1195,0.2477,0.255,0.1965,0.1282,0.34912854,0.921481709,63,43
0.0531,0.0709,0.11,0.0994,0.3052,0.202,0.1281,0.2058,0.508650519,1.004315946,127,43
0.1154,0.1158,0.1308,0.1298,0.2044,0.1642,0.1236,0.0746,0.223219629,0.850423206,63,43
0.1012,0.1035,0.125,0.1227,0.2059,0.1661,0.1233,0.0832,0.253195374,0.867868293,63,43
0.0823,0.0851,0.0938,0.0826,0.1523,0.1044,0.0739,0.0697,0.296722009,0.892592858,79,43
0.074,0.0779,0.0892,0.077,0.1457,0.0971,0.0689,0.0687,0.308486753,0.899158914,79,43
0.0961,0.1146,0.1312,0.1376,0.2319,0.2808,0.2382,0.0943,0.255209743,0.869028045,111,44
0.1147,0.1246,0.1362,0.1394,0.2331,0.2683,0.2273,0.0937,0.251543624,0.866916158,111,44
0.0888,0.0997,0.1331,0.1396,0.3269,0.335,0.2046,0.1873,0.401500536,0.949473821,111,44
0.078,0.0918,0.1302,0.1371,0.3244,0.328,0.1996,0.1873,0.405850488,0.951761781,111,44
0.0964,0.0986,0.1083,0.1096,0.1686,0.1518,0.1197,0.059,0.212077642,0.84384693,319,45
0.0772,0.0842,0.0995,0.1017,0.1637,0.15,0.1182,0.062,0.233609646,0.856510155,319,45
0.0688,0.0853,0.1204,0.1271,0.2055,0.2105,0.1723,0.0784,0.235718581,0.857740392,271,46
0.0713,0.087,0.1191,0.1266,0.2023,0.2097,0.1691,0.0757,0.230161143,0.854494671,271,46
0.0543,0.0731,0.0997,0.1015,0.2013,0.1855,0.1295,0.0998,0.329590489,0.910818582,95,46
0.0665,0.081,0.1012,0.1015,0.1924,0.1806,0.1289,0.0909,0.309288874,0.899604843,95,46
0.0554,0.0758,0.097,0.0973,0.1723,0.1611,0.1211,0.075,0.278189911,0.88215073,319,46
0.0569,0.077,0.0985,0.0975,0.1647,0.1535,0.1191,0.0672,0.256292906,0.869651026,319,46
0.0341,0.0457,0.0693,0.0686,0.1998,0.1465,0.0977,0.1312,0.488822653,0.994395622,316,46
0.0408,0.0501,0.0706,0.0695,0.1943,0.1452,0.0968,0.1248,0.473085671,0.986451048,316,46
0.0395,0.0556,0.0829,0.0799,0.1313,0.1222,0.0916,0.0514,0.243371212,0.862189777,364,46
0.0547,0.0655,0.0865,0.082,0.1283,0.1177,0.0883,0.0463,0.220161674,0.848623399,364,46
0.1026,0.1168,0.1441,0.1508,0.2263,0.2598,0.2417,0.0755,0.200212145,0.836786798,111,47
0.0917,0.1115,0.1456,0.1544,0.2291,0.2546,0.2339,0.0747,0.194784876,0.833537567,111,47
0.0998,0.1059,0.1149,0.1142,0.211,0.1664,0.1171,0.0968,0.297662977,0.8931198,287,47
0.0716,0.0849,0.1026,0.1024,0.1977,0.1613,0.1141,0.0953,0.317560813,0.904190695,287,47
0.3511,0.359,0.3414,0.3409,0.4133,0.3246,0.2729,0.0724,0.095995757,0.772007615,316,48
0.3361,0.3478,0.3264,0.3265,0.4036,0.314,0.2644,0.0771,0.105601972,0.778204326,316,48
0.0982,0.1065,0.1251,0.133,0.227,0.2437,0.2021,0.094,0.261111111,0.872416822,271,48
0.1012,0.1082,0.1241,0.1297,0.2283,0.2402,0.1951,0.0986,0.275418994,0.880578784,271,48
0.0731,0.1002,0.1223,0.1274,0.2606,0.2022,0.1495,0.1332,0.343298969,0.918313111,303,48
0.0637,0.0905,0.1059,0.1126,0.2709,0.1949,0.1351,0.1583,0.412777053,0.955393664,303,48
0.1142,0.1206,0.1022,0.0923,0.236,0.3411,0.3065,0.1437,0.437709412,0.96835397,351,49
0.1031,0.1112,0.0966,0.0872,0.2325,0.3326,0.2955,0.1453,0.454488583,0.976979316,351,49
0.0719,0.0724,0.0736,0.0662,0.0876,0.0784,0.0617,0.0214,0.139141743,0.799463409,284,49
0.0693,0.0702,0.0726,0.0659,0.087,0.0758,0.0606,0.0211,0.137998692,0.798748203,284,49
0.4929,0.5236,0.52,0.5362,0.6027,0.5337,0.4288,0.0665,0.058389674,0.747254759,316,50
0.4904,0.5216,0.5138,0.5305,0.6002,0.5321,0.4271,0.0697,0.06164323,0.749428602,316,50
0.1016,0.1222,0.1667,0.1724,0.2528,0.252,0.2057,0.0804,0.189087488,0.830112937,127,50
0.1023,0.1222,0.1652,0.1698,0.2517,0.2495,0.1979,0.0819,0.19430605,0.833250292,127,50
0.0581,0.0691,0.0983,0.0853,0.2369,0.1928,0.1359,0.1516,0.470515208,0.985147303,47,50
0.0549,0.0699,0.1029,0.0948,0.2451,0.1938,0.1329,0.1503,0.442188879,0.970664143,47,50
0.1109,0.1149,0.1471,0.1686,0.2831,0.2968,0.2284,0.1145,0.253486828,0.86803619,111,51
0.0936,0.118,0.1343,0.1491,0.2075,0.2886,0.2233,0.0584,0.163768929,0.814720154,50,51
0.0951,0.119,0.1328,0.1451,0.2006,0.2778,0.219,0.0555,0.160543824,0.812738472,50,51
0.1113,0.1118,0.1156,0.1093,0.2774,0.2814,0.2189,0.1681,0.434703905,0.966800861,332,51
0.107,0.1113,0.1445,0.1628,0.2814,0.2861,0.2188,0.1186,0.266996848,0.875783562,111,51
0.0594,0.0728,0.109,0.0987,0.2332,0.2159,0.1575,0.1345,0.405242543,0.951442349,284,51
0.0648,0.0811,0.117,0.11,0.2377,0.2151,0.1561,0.1277,0.367270636,0.931273663,284,51
0.0387,0.0568,0.0908,0.0876,0.2113,0.188,0.1325,0.1237,0.413850786,0.955955431,50,51
0.0543,0.0642,0.0891,0.0824,0.2111,0.1856,0.1307,0.1287,0.438500852,0.968762536,50,51
0.0868,0.089,0.0912,0.0883,0.1368,0.1017,0.073,0.0485,0.215459796,0.845848565,284,51
0.0889,0.0905,0.0916,0.0874,0.1366,0.1008,0.0718,0.0492,0.219642857,0.848317663,284,51
0.088,0.0873,0.0889,0.0741,0.1554,0.0993,0.0701,0.0813,0.354248366,0.924255574,284,51
0.0476,0.0571,0.0758,0.0769,0.0542,0.0253,0.0215,-0.0227,-0.173150267,0.571707734,351,51
0.0523,0.0606,0.078,0.0789,0.0557,0.0251,0.0211,-0.0232,-0.172362556,0.57239623,351,51
0.0977,0.1071,0.1194,0.138,0.2399,0.2375,0.1807,0.1019,0.269648055,0.877295877,271,52
0.0937,0.1041,0.1169,0.1353,0.2394,0.2365,0.1796,0.1041,0.277822258,0.881942321,271,52
0.0596,0.0678,0.0973,0.114,0.3281,0.3124,0.1742,0.2141,0.484279575,0.992108651,351,52
0.0577,0.0663,0.0962,0.1129,0.3287,0.3109,0.1724,0.2158,0.488677536,0.994322652,351,52
0.0586,0.066,0.075,0.0744,0.1696,0.1343,0.1013,0.0952,0.390163934,0.943484994,335,52
0.0389,0.0519,0.0681,0.0684,0.166,0.1352,0.1001,0.0976,0.416382253,0.957278566,335,52
0.1146,0.1208,0.1338,0.1236,0.2692,0.2744,0.2135,0.1456,0.370672098,0.933098118,18,53
0.0884,0.0966,0.1162,0.1307,0.2907,0.343,0.212,0.16,0.379686758,0.937916179,50,53
0.0699,0.0792,0.104,0.1193,0.2913,0.3446,0.2119,0.172,0.418899172,0.958592287,50,53
0.0587,0.0706,0.0943,0.0968,0.1898,0.207,0.173,0.093,0.324494068,0.908016557,50,53
0.0679,0.0788,0.0992,0.1022,0.191,0.2059,0.1718,0.0888,0.302864939,0.896027309,50,53
0.0906,0.1184,0.1388,0.1466,0.2229,0.2109,0.171,0.0763,0.206495264,0.840532726,271,53
0.0767,0.1084,0.1331,0.1413,0.2205,0.2099,0.1688,0.0792,0.218905473,0.847882936,271,53
0.0509,0.0626,0.0918,0.0964,0.2403,0.2393,0.1515,0.1439,0.427383427,0.963007491,79,53
0.0513,0.0576,0.0684,0.051,0.0422,0.0264,0.0224,-0.0088,-0.094420601,0.636851159,50,53
0.0547,0.0607,0.0704,0.0531,0.0433,0.025,0.0218,-0.0098,-0.101659751,0.63114202,50,53
0.0802,0.0937,0.1216,0.1366,0.2831,0.3256,0.2242,0.1465,0.349058852,0.921443895,50,54
0.0785,0.0936,0.1226,0.1383,0.2801,0.3226,0.2224,0.1418,0.338910134,0.915920375,50,54
0.0655,0.0814,0.1106,0.1164,0.1805,0.1858,0.1539,0.0641,0.215897609,0.846107327,50,54
0.0594,0.0756,0.108,0.1131,0.1815,0.1832,0.1536,0.0684,0.232179226,0.85567472,50,54
0.0572,0.0675,0.0818,0.084,0.162,0.1341,0.0972,0.078,0.317073171,0.903920998,303,55
0.0405,0.056,0.0769,0.0797,0.1662,0.1362,0.0965,0.0865,0.351769012,0.922913328,303,55
0.0669,0.0813,0.1059,0.1105,0.189,0.2203,0.187,0.0785,0.262103506,0.872985398,50,56
0.0739,0.086,0.1058,0.1101,0.1902,0.2157,0.1812,0.0801,0.266733267,0.875633066,50,56
0.0574,0.0687,0.0866,0.0897,0.1524,0.1735,0.1465,0.0627,0.258983891,0.871196815,271,56
0.0536,0.0664,0.0861,0.0899,0.1532,0.1668,0.1399,0.0633,0.260386672,0.872001532,271,56
0.0427,0.0528,0.0807,0.0879,0.2094,0.1976,0.1281,0.1215,0.408678103,0.953246087,351,56
0.0717,0.0787,0.1103,0.1002,0.1893,0.1512,0.1078,0.0891,0.307772021,0.898761381,50,56
0.0402,0.0578,0.1091,0.1009,0.1896,0.1504,0.1078,0.0887,0.305335628,0.897404941,50,56
0.0791,0.0899,0.1073,0.1147,0.1843,0.2162,0.1838,0.0696,0.23277592,0.856023317,351,58
0.0646,0.0795,0.1025,0.1107,0.184,0.2131,0.1798,0.0733,0.24872752,0.865290425,351,58
0.0418,0.0546,0.0834,0.0821,0.2277,0.1902,0.1211,0.1456,0.469980633,0.984875948,50,58
0.0826,0.0899,0.0945,0.0896,0.1204,0.0991,0.0687,0.0308,0.146666667,0.804155872,79,58
0.0732,0.0815,0.0888,0.0846,0.1205,0.0979,0.0661,0.0359,0.175036568,0.82160609,79,58
0.5347,0.5476,0.5785,0.5895,0.6335,0.56,0.4582,0.044,0.035977105,0.732104573,316,59
0.6016,0.6266,0.63,0.6491,0.6849,0.5213,0.3903,0.0358,0.026836582,0.725835093,284,59
0.6048,0.6289,0.6339,0.6511,0.6851,0.5255,0.3878,0.034,0.025445293,0.724876053,284,59
0.1054,0.1173,0.1288,0.1324,0.2438,0.2256,0.1505,0.1114,0.296119086,0.892255056,95,59
0.1039,0.1155,0.124,0.1273,0.2434,0.2196,0.1427,0.1161,0.31319126,0.901771179,95,59
0.5126,0.5123,0.5225,0.5266,0.5408,0.431,0.3153,0.0142,0.013303354,0.71645192,15,60
0.5141,0.5134,0.5219,0.5233,0.5411,0.4328,0.3073,0.0178,0.016723036,0.718834499,15,60
0.0977,0.1119,0.1062,0.0967,0.2181,0.3156,0.2897,0.1214,0.385641677,0.941085372,50,60
0.11,0.1193,0.1082,0.0971,0.215,0.3076,0.2832,0.1179,0.377763537,0.936890355,50,60
0.0528,0.0615,0.0706,0.0797,0.1174,0.1428,0.1077,0.0377,0.191273465,0.831428569,351,60
0.0471,0.0585,0.0708,0.0807,0.1182,0.1383,0.1058,0.0375,0.188536953,0.829781268,351,60
0.0315,0.042,0.0736,0.0691,0.2109,0.1543,0.1053,0.1418,0.506428571,1.003209136,351,60
0.0326,0.042,0.072,0.0678,0.2116,0.1509,0.0995,0.1438,0.514674302,1.00731043,351,60
0.0876,0.1033,0.1434,0.1307,0.181,0.2238,0.2172,0.0503,0.161373115,0.813248495,351,61
0.0882,0.101,0.1432,0.1311,0.1815,0.211,0.2052,0.0504,0.161228407,0.813159521,351,61
0.0488,0.0646,0.0933,0.0878,0.2839,0.2364,0.1347,0.1961,0.527576002,1.013694235,271,61
0.059,0.0717,0.0965,0.0905,0.285,0.2388,0.1344,0.1945,0.517976032,1.008947983,271,61
0.0542,0.0694,0.0905,0.0977,0.181,0.1363,0.0982,0.0833,0.298887693,0.893805176,351,61
0.0616,0.0746,0.0945,0.101,0.1807,0.1372,0.0981,0.0797,0.282925098,0.884830547,351,61
0.3161,0.3251,0.3366,0.343,0.4077,0.4038,0.3301,0.0647,0.086186226,0.765627995,284,63
0.3189,0.3279,0.3381,0.3447,0.4104,0.4056,0.3269,0.0657,0.087008343,0.766164697,284,63
0.0589,0.0714,0.1001,0.1011,0.2958,0.2754,0.1683,0.1947,0.490551776,0.995264676,351,63
0.0617,0.0728,0.099,0.0992,0.2928,0.2693,0.1662,0.1936,0.493877551,0.996934076,351,63
0.2097,0.2075,0.2031,0.1964,0.219,0.1824,0.1309,0.0226,0.054405392,0.74458404,18,64
0.2069,0.2044,0.1997,0.1953,0.2166,0.1809,0.1294,0.0213,0.05171158,0.7427729,18,64
0.2778,0.294,0.3143,0.3396,0.43,0.424,0.3487,0.0904,0.117463617,0.785788532,79,65
0.2757,0.291,0.3135,0.3366,0.4283,0.4173,0.341,0.0917,0.119884952,0.787327729,79,65
0.0541,0.0688,0.0939,0.1033,0.1665,0.1657,0.139,0.0632,0.234247591,0.856882484,351,65
0.0586,0.0715,0.0938,0.1037,0.1658,0.1643,0.1383,0.0621,0.230426716,0.854650055,351,65
0.0639,0.0713,0.0905,0.0856,0.1214,0.1423,0.1387,0.0358,0.17294686,0.820333383,50,66
0.0481,0.0596,0.0863,0.083,0.12,0.139,0.1351,0.037,0.18226601,0.825993953,50,66
0.0445,0.0561,0.0856,0.0833,0.2042,0.1552,0.0982,0.1209,0.420521739,0.959438241,50,66
0.341,0.3529,0.366,0.3619,0.3817,0.3049,0.2189,0.0198,0.026627219,0.725690856,18,67
0.3421,0.3496,0.3654,0.3611,0.382,0.3049,0.2179,0.0209,0.028125421,0.726722382,18,67
0.0701,0.084,0.1172,0.1161,0.2933,0.2454,0.1812,0.1772,0.43282853,0.965830487,271,68
0.0719,0.0802,0.1121,0.1037,0.2978,0.241,0.1749,0.1941,0.483437111,0.991683977,271,68
0.0515,0.0643,0.0903,0.0861,0.1645,0.159,0.1279,0.0784,0.312849162,0.901581478,271,68
0.0747,0.0816,0.099,0.0941,0.1643,0.1514,0.1258,0.0702,0.271671827,0.878448534,271,68
0.0805,0.0864,0.0994,0.0994,0.1973,0.1612,0.1197,0.0979,0.329962926,0.91102301,271,68
0.0725,0.0799,0.0956,0.0965,0.195,0.1599,0.1192,0.0985,0.337907376,0.915372807,271,68
0.5343,0.5517,0.5314,0.5433,0.5866,0.4302,0.3152,0.0433,0.038321975,0.733704283,319,69
0.0905,0.106,0.1286,0.136,0.2087,0.17,0.1356,0.0727,0.210908036,0.843153625,351,69
0.0864,0.1036,0.1271,0.1345,0.2046,0.165,0.1337,0.0701,0.20672368,0.840668591,351,69
0.4949,0.5153,0.5395,0.5594,0.6208,0.5797,0.4828,0.0614,0.05202508,0.742983903,111,71
0.0787,0.0824,0.0927,0.0828,0.2729,0.2256,0.1513,0.1901,0.534439134,1.01707381,300,71
0.061,0.0739,0.1012,0.1055,0.2333,0.196,0.1408,0.1278,0.377213695,0.936596869,351,71
0.0541,0.0684,0.0966,0.0994,0.2417,0.193,0.132,0.1423,0.417179713,0.957695,351,71
0.1428,0.1446,0.1621,0.1603,0.2993,0.229,0.1729,0.139,0.302436902,0.895788425,127,72
0.1201,0.122,0.1297,0.1253,0.2483,0.2118,0.1672,0.123,0.329229122,0.910620185,271,72
0.1192,0.1211,0.1282,0.1243,0.2489,0.2101,0.1643,0.1246,0.333869239,0.91316441,271,72
0.1172,0.1235,0.1496,0.145,0.3022,0.225,0.1637,0.1572,0.351520572,0.922778723,127,72
0.0898,0.1051,0.1299,0.1236,0.2653,0.2084,0.161,0.1417,0.364361018,0.92971018,50,72
0.0705,0.0899,0.1188,0.1151,0.2664,0.203,0.1512,0.1513,0.396592398,0.946885631,50,72
0.1244,0.129,0.1385,0.1264,0.1569,0.0854,0.0504,0.0305,0.107659725,0.77952532,18,73
0.1163,0.1219,0.1349,0.122,0.1549,0.0843,0.0498,0.0329,0.118815457,0.786648242,18,73
0.5249,0.533,0.5759,0.586,0.6369,0.5482,0.4064,0.0509,0.041622373,0.73594998,335,75
0.0748,0.0918,0.1164,0.1158,0.1789,0.1734,0.138,0.0631,0.21411605,0.845053874,50,75
0.0622,0.0838,0.1152,0.1157,0.1796,0.1751,0.1374,0.0639,0.216390112,0.846398317,50,75
0.0928,0.0941,0.0895,0.0728,0.098,0.076,0.0507,0.0252,0.147540984,0.804699313,18,75
0.0831,0.0852,0.0846,0.0671,0.0935,0.0723,0.0483,0.0264,0.164383562,0.815097271,18,75
0.0652,0.0812,0.1023,0.1031,0.1965,0.1987,0.1377,0.0934,0.311748999,0.900971142,111,77
0.0797,0.0926,0.1075,0.1061,0.1806,0.1863,0.1372,0.0745,0.259853505,0.871695764,111,77
0.059,0.0714,0.1048,0.0999,0.1892,0.1677,0.1238,0.0893,0.308889658,0.899382932,34,77
0.0608,0.0691,0.0981,0.0879,0.1804,0.1651,0.1231,0.0925,0.344763325,0.919110072,34,77
0.1039,0.1104,0.1114,0.1207,0.213,0.2458,0.2012,0.0923,0.276595745,0.881246699,50,78
0.0772,0.0921,0.1039,0.1137,0.2122,0.2453,0.2004,0.0985,0.302239951,0.895678486,50,78
0.0496,0.0606,0.089,0.0825,0.1246,0.1183,0.1059,0.0421,0.203283438,0.83861996,50,78
0.0632,0.0715,0.0954,0.0894,0.126,0.1117,0.1008,0.0366,0.169916435,0.81848423,50,78
0.0361,0.0457,0.0649,0.0636,0.2032,0.1344,0.0845,0.1396,0.523238381,1.011552461,351,78
0.06,0.0708,0.1162,0.106,0.2112,0.1833,0.1321,0.1052,0.331651955,0.911949535,31,82
0.0576,0.0682,0.113,0.1004,0.2073,0.1814,0.1321,0.1069,0.347416315,0.920552179,31,82
0.0349,0.0461,0.074,0.0715,0.1932,0.1642,0.1208,0.1217,0.459765773,0.979676361,351,82
0.0337,0.044,0.0713,0.0684,0.1945,0.1623,0.1171,0.1261,0.479650057,0.98977273,351,82
0.09,0.089,0.0913,0.0999,0.2138,0.2287,0.174,0.1139,0.363085751,0.929024085,351,84
0.0877,0.0873,0.0901,0.0987,0.2137,0.2243,0.1721,0.115,0.368117798,0.931728393,351,84
0.0519,0.0684,0.1125,0.0876,0.2146,0.2094,0.1402,0.127,0.420251489,0.959297393,18,85
0.0588,0.0758,0.117,0.0927,0.2211,0.2028,0.1337,0.1284,0.40917782,0.953508165,18,85
0.4295,0.449,0.4915,0.5104,0.5759,0.5828,0.4689,0.0655,0.060296419,0.748529504,111,88
0.4286,0.4489,0.4899,0.5095,0.5749,0.5806,0.4681,0.0654,0.060309849,0.748538475,111,88
0.0937,0.1028,0.1177,0.1062,0.2651,0.2447,0.179,0.1589,0.427955831,0.963304641,34,88
0.0643,0.0739,0.0822,0.0855,0.1349,0.1157,0.0825,0.0494,0.224137931,0.850962943,351,89
0.0389,0.0557,0.0748,0.0807,0.1365,0.1167,0.0821,0.0558,0.256906077,0.870003493,351,89
0.1408,0.1431,0.1439,0.131,0.1425,0.0996,0.0675,0.0115,0.042047532,0.736238774,18,89
0.1336,0.1366,0.1398,0.1266,0.1388,0.0961,0.0645,0.0122,0.04596835,0.738896711,18,89
0.0593,0.0731,0.1156,0.1166,0.3057,0.3532,0.2166,0.1891,0.447785934,0.97354298,18,90
0.0592,0.0734,0.1159,0.1166,0.3046,0.3442,0.2084,0.188,0.44634378,0.972802025,18,90
0.1127,0.1153,0.1278,0.118,0.1944,0.1625,0.1069,0.0764,0.244558259,0.862877893,18,90
0.1212,0.1228,0.1342,0.1248,0.1933,0.1574,0.1046,0.0685,0.215341088,0.845778392,18,90
0.0554,0.0604,0.0783,0.0788,0.1539,0.1168,0.0922,0.0751,0.322733133,0.907046379,351,90
0.039,0.0497,0.0752,0.0765,0.1574,0.1174,0.0915,0.0809,0.345874305,0.919714252,351,90
0.091,0.0938,0.1066,0.1013,0.2836,0.2367,0.1786,0.1823,0.473629514,0.986726666,50,91
0.851,0.8733,0.8808,0.913,0.9412,0.6179,0.4934,0.0282,0.015208715,0.717780409,15,92
0.8509,0.8736,0.8758,0.9028,0.9376,0.6114,0.472,0.0348,0.018908933,0.720353339,15,92
0.1425,0.149,0.1556,0.15,0.1988,0.1558,0.1004,0.0488,0.139908257,0.799942658,18,96
0.1339,0.1411,0.1507,0.1438,0.1937,0.1509,0.0968,0.0499,0.147851852,0.804892447,18,96
0.4563,0.4819,0.5093,0.5422,0.6178,0.5266,0.4321,0.0756,0.065172414,0.751779498,79,97
0.4562,0.4818,0.5082,0.541,0.6164,0.5223,0.4257,0.0754,0.065146017,0.751761942,79,97
0.1329,0.1392,0.1466,0.1362,0.2027,0.1154,0.0637,0.0665,0.196223075,0.834399829,18,97
0.1619,0.1694,0.1752,0.1661,0.1858,0.17,0.132,0.0197,0.055981813,0.74564188,18,98
0.0468,0.0601,0.0856,0.0807,0.2061,0.1708,0.1296,0.1254,0.437238494,0.968110786,50,98
0.0054,0.0135,0.0492,0.0658,0.1397,0.1639,0.1296,0.0739,0.359610706,0.927151932,18,98
0.0517,0.0664,0.0895,0.0858,0.2089,0.1691,0.1271,0.1231,0.417712928,0.957973344,50,98
0.0355,0.0466,0.0667,0.0724,0.2008,0.1586,0.109,0.1284,0.469985359,0.984878347,303,98
0.0513,0.0596,0.0766,0.0828,0.2025,0.1579,0.1087,0.1197,0.41955836,0.958936056,303,98
0.3293,0.3542,0.3843,0.4213,0.5456,0.5396,0.4484,0.1243,0.128555176,0.792814718,18,99
0.2734,0.284,0.2933,0.3079,0.3737,0.3757,0.2997,0.0658,0.096537559,0.772358439,18,100
0.2687,0.2778,0.29,0.3043,0.3681,0.3733,0.2978,0.0638,0.094883998,0.771287234,18,100
0.4892,0.5344,0.6061,0.6848,0.8279,0.8627,0.7064,0.1431,0.094599061,0.771102497,34,102
0.4891,0.5338,0.6054,0.6839,0.8259,0.8619,0.7057,0.142,0.094052192,0.770747814,34,102
0.6018,0.609,0.6139,0.6296,0.6593,0.4705,0.3534,0.0297,0.023042905,0.723217052,15,104
0.6008,0.6074,0.6093,0.6206,0.655,0.4694,0.3415,0.0344,0.026967701,0.72592541,15,104
0.1165,0.1345,0.1578,0.1504,0.2148,0.2056,0.1545,0.0644,0.176341731,0.822399982,18,104
0.087,0.1184,0.1599,0.1565,0.2191,0.2097,0.1533,0.0626,0.166666667,0.816496581,18,104
0.1981,0.1915,0.1901,0.1732,0.181,0.1256,0.0822,0.0078,0.022021457,0.722510524,18,104
0.1982,0.191,0.1911,0.1731,0.1797,0.1085,0.0692,0.0066,0.018707483,0.720213498,18,104
0.1058,0.1124,0.1236,0.1062,0.0969,0.0542,0.0407,-0.0093,-0.045790251,0.673950851,34,104
0.1044,0.1113,0.1232,0.1053,0.0955,0.0527,0.0395,-0.0098,-0.048804781,0.671710666,34,104
0.6778,0.6841,0.6878,0.7026,0.7172,0.4374,0.2967,0.0146,0.010283138,0.714341052,15,106
0.6795,0.6852,0.6857,0.6966,0.7159,0.4367,0.2869,0.0193,0.013663717,0.716703367,15,106
0.287,0.2873,0.2946,0.2998,0.3753,0.3265,0.2488,0.0755,0.111835284,0.782199005,15,106
0.2912,0.2924,0.2958,0.3015,0.3806,0.3305,0.2431,0.0791,0.115965401,0.784834633,15,106
0.0759,0.0922,0.1269,0.1199,0.2024,0.2429,0.202,0.0825,0.255972696,0.869466903,18,108
0.0786,0.0988,0.1344,0.1308,0.2096,0.2369,0.1923,0.0788,0.231492362,0.855273267,18,108
0.3092,0.3066,0.2973,0.2965,0.3218,0.2713,0.2132,0.0253,0.040918648,0.735471718,15,109
0.3087,0.3054,0.2954,0.2929,0.3204,0.2699,0.2056,0.0275,0.044839393,0.738132369,15,109
0.0841,0.0857,0.0938,0.0842,0.2543,0.2609,0.2017,0.1701,0.502511078,1.001254752,271,110
0.0671,0.0746,0.0888,0.0847,0.2576,0.2192,0.1591,0.1729,0.505112474,1.002552978,351,110
0.1252,0.1322,0.129,0.1109,0.1662,0.218,0.2091,0.0553,0.199566943,0.836401186,34,112
0.1258,0.1325,0.1292,0.111,0.1652,0.2142,0.2049,0.0542,0.196234613,0.834406743,34,112
0.068,0.0774,0.0931,0.0899,0.1696,0.1389,0.1052,0.0797,0.307129094,0.898403637,50,112
0.066,0.0713,0.0841,0.0784,0.1641,0.1339,0.1028,0.0857,0.353402062,0.92379763,50,112
0.0593,0.0759,0.1099,0.1042,0.1422,0.1558,0.1426,0.038,0.154220779,0.808839155,34,113
0.1025,0.1087,0.1218,0.1145,0.1441,0.157,0.1413,0.0296,0.11446249,0.783876579,34,113
0.6948,0.7031,0.7089,0.7205,0.7364,0.4831,0.3438,0.0159,0.010913584,0.714782193,15,114
0.6967,0.7045,0.7077,0.7159,0.7369,0.4847,0.3349,0.021,0.014454846,0.717255077,15,114
0.4756,0.5037,0.5441,0.5862,0.6667,0.6238,0.5367,0.0805,0.064250938,0.751166385,18,116
0.472,0.4996,0.5406,0.5821,0.6615,0.6228,0.5332,0.0794,0.063846896,0.750897394,18,116
0.0372,0.0512,0.085,0.0725,0.2176,0.1624,0.0965,0.1451,0.500172354,1.000086173,31,116
0.0965,0.1042,0.1149,0.1,0.1426,0.0855,0.0552,0.0426,0.175597692,0.821947499,34,117
0.0974,0.1048,0.1145,0.0993,0.143,0.0826,0.053,0.0437,0.180354932,0.824836306,34,117
0.1653,0.1646,0.1707,0.1552,0.2891,0.2264,0.1384,0.1339,0.301372946,0.895194362,15,119
0.125,0.132,0.1403,0.1299,0.1925,0.1508,0.0961,0.0626,0.194168734,0.833167891,34,119
0.1262,0.133,0.1406,0.1303,0.1922,0.1492,0.095,0.0619,0.191937984,0.831828098,34,119
0.0772,0.1025,0.1381,0.1436,0.1924,0.2222,0.1692,0.0488,0.145238095,0.803267138,34,120
0.0831,0.1054,0.1354,0.1399,0.1891,0.2185,0.1653,0.0492,0.149544073,0.805942971,34,120
0.0856,0.0954,0.1206,0.1102,0.1887,0.1525,0.1066,0.0785,0.262629642,0.873286689,34,121
0.0654,0.0732,0.1016,0.0819,0.1691,0.1474,0.1055,0.0872,0.347410359,0.920548944,34,121
0.0735,0.0832,0.1043,0.1002,0.0743,0.0524,0.0423,-0.0259,-0.148424069,0.592938387,111,121
0.0738,0.0834,0.1043,0.1,0.0738,0.052,0.0421,-0.0262,-0.150747986,0.590975476,111,121
0.3167,0.3272,0.3524,0.3678,0.4508,0.4753,0.3871,0.083,0.101392622,0.775495082,18,122
0.3112,0.3186,0.3439,0.3559,0.435,0.455,0.3681,0.0791,0.100012644,0.774604831,18,122
0.3255,0.3494,0.394,0.4341,0.5523,0.5944,0.474,0.1182,0.119829684,0.787292629,34,124
0.323,0.3465,0.3899,0.4291,0.5485,0.5899,0.4685,0.1194,0.122135843,0.788755883,34,124
0.5679,0.5756,0.5607,0.5697,0.5906,0.4195,0.2958,0.0209,0.018012583,0.71973091,15,124
0.5678,0.5752,0.5575,0.5633,0.588,0.4184,0.2863,0.0247,0.021454009,0.722117725,15,124
0.0584,0.0721,0.1053,0.0955,0.2128,0.1864,0.1343,0.1173,0.380473565,0.938335529,18,125
0.0538,0.0688,0.1026,0.0914,0.2139,0.1854,0.1316,0.1225,0.401244677,0.949339074,18,125
0.1353,0.1501,0.1645,0.1633,0.2366,0.2337,0.171,0.0733,0.183295824,0.826617096,34,129
0.1351,0.1501,0.1645,0.1632,0.2362,0.2317,0.1701,0.073,0.182774161,0.826301495,34,129
0.6042,0.6092,0.6229,0.6371,0.6575,0.4646,0.3371,0.0204,0.015757763,0.718162769,15,131
0.605,0.6107,0.6205,0.6307,0.657,0.4625,0.3264,0.0263,0.020424012,0.721404194,15,131
0.0732,0.0896,0.1203,0.1139,0.1845,0.216,0.193,0.0706,0.236595174,0.85825123,34,133
0.0653,0.0792,0.1099,0.0975,0.1722,0.2123,0.1903,0.0747,0.276974416,0.881461523,34,133
0.142,0.1441,0.1425,0.1246,0.1238,0.0665,0.0416,-0.0008,-0.003220612,0.704825786,18,133
0.1353,0.138,0.1397,0.1213,0.1191,0.0624,0.0407,-0.0022,-0.009151414,0.70060587,18,133
0.1136,0.1209,0.1302,0.1161,0.1316,0.0802,0.058,0.0155,0.062575696,0.750050463,34,134
0.1147,0.1216,0.1301,0.1162,0.1308,0.0799,0.0569,0.0146,0.059109312,0.747736124,34,134
0.0965,0.1186,0.1432,0.1431,0.2012,0.1838,0.1425,0.0581,0.168748185,0.817770252,34,136
0.1047,0.1201,0.1373,0.1324,0.1923,0.1787,0.1388,0.0599,0.18447798,0.827331844,34,136
0.6856,0.6925,0.7308,0.7452,0.7641,0.5152,0.3625,0.0189,0.012522361,0.715906671,15,139
0.6901,0.697,0.7306,0.7413,0.7657,0.5158,0.353,0.0244,0.016191108,0.71846441,15,139
0.4753,0.51,0.561,0.6129,0.7336,0.7275,0.5921,0.1207,0.089639807,0.767880073,34,141
0.4741,0.5082,0.5586,0.6097,0.7288,0.7208,0.5859,0.1191,0.088980202,0.767450456,34,141
0.5914,0.6086,0.6055,0.6291,0.6689,0.527,0.409,0.0398,0.030662558,0.728465893,15,142
0.5904,0.6077,0.5998,0.6201,0.6649,0.5205,0.3919,0.0448,0.034863813,0.731343841,15,142
0.0444,0.056,0.087,0.0684,0.1993,0.1743,0.1135,0.1309,0.488980202,0.994474837,34,142
0.3336,0.3356,0.3256,0.3324,0.3912,0.3615,0.3211,0.0588,0.081260365,0.762404332,15,147
0.3222,0.3272,0.3225,0.3212,0.3538,0.3066,0.2716,0.0326,0.048296296,0.740470321,31,147
0.3218,0.3275,0.3201,0.3197,0.3532,0.3044,0.2708,0.0335,0.049784515,0.741474554,31,147
0.2611,0.2688,0.2781,0.2764,0.3349,0.3061,0.2286,0.0585,0.095697693,0.771814546,34,147
0.0484,0.0611,0.0893,0.0765,0.2016,0.183,0.1209,0.1251,0.449838188,0.974596423,31,147
0.0504,0.0616,0.0886,0.0746,0.2015,0.1818,0.1197,0.1269,0.459616081,0.97959996,31,147
0.1352,0.1337,0.1328,0.1153,0.1511,0.0783,0.0472,0.0358,0.134384384,0.796482507,31,152
0.0981,0.0997,0.1132,0.0918,0.1364,0.0737,0.0461,0.0446,0.195442594,0.833932008,31,152
0.4363,0.446,0.4667,0.4745,0.511,0.4886,0.4438,0.0365,0.037037037,0.732828109,31,154
0.4368,0.4458,0.4673,0.475,0.5111,0.4898,0.4435,0.0361,0.036608863,0.732535913,31,154
0.0787,0.1001,0.132,0.1307,0.228,0.2566,0.2032,0.0973,0.271257318,0.87821257,34,160
0.1249,0.1337,0.1434,0.1402,0.2281,0.2557,0.2021,0.0879,0.238664133,0.859455719,34,160
0.8029,0.8209,0.8289,0.853,0.8745,0.5132,0.3579,0.0215,0.012445731,0.715853149,15,162
0.8058,0.8236,0.8264,0.8464,0.8737,0.5122,0.3467,0.0273,0.01587117,0.718241721,15,162
0.3164,0.3378,0.3632,0.3898,0.4745,0.5173,0.4243,0.0847,0.09799838,0.77330355,31,164
0.3135,0.3347,0.359,0.3857,0.4695,0.5108,0.4202,0.0838,0.097988775,0.773297339,31,164
0.1835,0.1853,0.2163,0.2063,0.2182,0.2451,0.2018,0.0119,0.02803298,0.726658778,34,165
0.1821,0.1829,0.2131,0.2046,0.2133,0.2326,0.1943,0.0087,0.020818378,0.721677475,34,165
0.0662,0.0784,0.1062,0.1032,0.1913,0.2281,0.1877,0.0881,0.299151104,0.893952518,31,167
0.0704,0.084,0.1103,0.1087,0.1939,0.2255,0.1846,0.0852,0.281559815,0.884058717,31,167
0.616,0.6252,0.6256,0.6375,0.6601,0.5444,0.461,0.0226,0.017416769,0.719316877,15,172
0.6175,0.6271,0.6237,0.6318,0.6583,0.5439,0.4471,0.0265,0.020541043,0.721485304,15,172
0.0564,0.0716,0.1051,0.1023,0.199,0.1961,0.1536,0.0967,0.320942582,0.906058818,31,172
0.0629,0.077,0.1079,0.1052,0.2,0.1947,0.1511,0.0948,0.31061599,0.900342151,31,172
0.0554,0.0662,0.0921,0.0817,0.1228,0.1503,0.1469,0.0411,0.200977995,0.837244286,31,177
0.0746,0.0797,0.095,0.0829,0.1216,0.1513,0.1459,0.0387,0.189242054,0.830206031,31,177
0.0573,0.0771,0.111,0.1085,0.1737,0.1673,0.1241,0.0652,0.231041814,0.855009833,31,185
0.059,0.0741,0.1045,0.0982,0.1676,0.1644,0.1223,0.0694,0.26109857,0.872409634,31,185
0.3265,0.326,0.3183,0.3211,0.3655,0.3409,0.2888,0.0444,0.064666472,0.751442927,15,187
0.3251,0.3237,0.3177,0.3169,0.3631,0.3403,0.2795,0.0462,0.067941176,0.753618721,15,187
0.2298,0.2261,0.2173,0.215,0.2509,0.2117,0.1652,0.0359,0.077055162,0.759641469,31,187
0.2287,0.2243,0.2171,0.2147,0.2502,0.2104,0.1646,0.0355,0.076360508,0.759184107,31,187
0.4574,0.4851,0.533,0.5714,0.6547,0.7063,0.5643,0.0833,0.067938994,0.753617273,31,190
0.4565,0.4841,0.533,0.5699,0.6517,0.7053,0.5618,0.0818,0.066961362,0.752968367,31,190
0.5804,0.5901,0.6067,0.6183,0.6687,0.603,0.5453,0.0504,0.039160839,0.734275724,15,190
0.5802,0.5899,0.6025,0.6111,0.666,0.6002,0.5265,0.0549,0.04298802,0.736877208,15,190
0.0552,0.0764,0.1199,0.1196,0.2628,0.2602,0.169,0.1432,0.374476987,0.935134743,31,190
0.07,0.079,0.1089,0.0975,0.259,0.2635,0.1678,0.1615,0.453015428,0.976225091,31,190
0.0599,0.0723,0.1078,0.0951,0.212,0.1777,0.1314,0.1169,0.380657766,0.938433677,31,190
0.0527,0.0636,0.1002,0.0839,0.2083,0.1736,0.1271,0.1244,0.425735797,0.96215165,31,190
0.2128,0.2151,0.2155,0.211,0.2578,0.2452,0.1881,0.0468,0.099829352,0.774486508,34,191
0.2134,0.2157,0.2155,0.2114,0.2589,0.2446,0.1875,0.0475,0.100999362,0.775241486,34,191
0.1204,0.1238,0.1222,0.1116,0.1258,0.0867,0.0613,0.0142,0.059814659,0.748207631,31,192
0.0798,0.0878,0.1016,0.0878,0.1108,0.0828,0.0604,0.023,0.115810675,0.784736054,31,192
0.0564,0.0708,0.103,0.0906,0.2104,0.1717,0.127,0.1198,0.398006645,0.947632125,31,203
0.041,0.0514,0.0812,0.0714,0.2158,0.1861,0.1207,0.1444,0.502785515,1.001391789,31,203
0.055,0.068,0.1082,0.0924,0.2288,0.2164,0.1755,0.1364,0.424657534,0.961591147,31,210
0.0611,0.0741,0.1104,0.0961,0.2397,0.2063,0.1594,0.1436,0.427635497,0.963138358,31,210
,,,,,,,,,,,
,,,,,,,,,,,
,,,,,,,,,,,
,,,,,,,,,,,
,,,,,,,,,,,
,,,,,,,,,,,
,,,,,,,,,,,
,,,,,,,,,,,
,,,,,,,,,,,
,,,,,,,,,,,
,,,,,,,,,,,
,,,,,,,,,,,
,,,,,,,,,,,
,,,,,,,,,,,
,,,,,,,,,,,
,,,,,,,,,,,
,,,,,,,,,,,
